Id,Titulo,Conteudo,CursoId,MaterialUrl
124f9c5c-0774-4993-be29-b42e73a230c6,Lógica de Programação - Aula 1,Conteúdo da aula 1 sobre lógica de programação.,11111111-1111-1111-1111-111111111001,https://materiais.schoolofrock.com/11111111-1111-1111-1111-111111111001/aula-1.pdf
67a83d5c-9b73-4158-a5ab-e8601fa96011,Lógica de Programação - Aula 2,Conteúdo da aula 2 sobre lógica de programação.,11111111-1111-1111-1111-111111111001,https://materiais.schoolofrock.com/11111111-1111-1111-1111-111111111001/aula-2.pdf
04e08630-cbc3-479c-ad13-a25de2001f56,Lógica de Programação - Aula 3,Conteúdo da aula 3 sobre lógica de programação.,11111111-1111-1111-1111-111111111001,https://materiais.schoolofrock.com/11111111-1111-1111-1111-111111111001/aula-3.pdf
bdc7804a-3e82-4a37-a856-052c753bd18e,Lógica de Programação - Aula 4,Conteúdo da aula 4 sobre lógica de programação.,11111111-1111-1111-1111-111111111001,https://materiais.schoolofrock.com/11111111-1111-1111-1111-111111111001/aula-4.pdf
7ce0ac84-2206-49fa-bef0-16fdd3f34c18,Lógica de Programação - Aula 5,Conteúdo da aula 5 sobre lógica de programação.,11111111-1111-1111-1111-111111111001,
6a1ecebd-cae9-42cc-bf21-52a7ebd6aa90,Lógica de Programação - Aula 6,Conteúdo da aula 6 sobre lógica de programação.,11111111-1111-1111-1111-111111111001,https://materiais.schoolofrock.com/11111111-1111-1111-1111-111111111001/aula-6.pdf
e1e062e0-e1cd-4726-821e-1c4f12e4ce12,Lógica de Programação - Aula 7,Conteúdo da aula 7 sobre lógica de programação.,11111111-1111-1111-1111-111111111001,https://materiais.schoolofrock.com/11111111-1111-1111-1111-111111111001/aula-7.pdf
2753be40-ecf3-4fa7-b9d3-c5e919d4915e,Lógica de Programação - Aula 8,Conteúdo da aula 8 sobre lógica de programação.,11111111-1111-1111-1111-111111111001,https://materiais.schoolofrock.com/11111111-1111-1111-1111-111111111001/aula-8.pdf
ef9c8bb1-96ef-431e-bc5e-c964a22cf400,Lógica de Programação - Aula 9,Conteúdo da aula 9 sobre lógica de programação.,11111111-1111-1111-1111-111111111001,https://materiais.schoolofrock.com/11111111-1111-1111-1111-111111111001/aula-9.pdf
467b7f9a-cf95-4982-a1f2-ad5ffb35cf28,Lógica de Programação - Aula 10,Conteúdo da aula 10 sobre lógica de programação.,11111111-1111-1111-1111-111111111001,https://materiais.schoolofrock.com/11111111-1111-1111-1111-111111111001/aula-10.pdf
c77c0cdb-58cb-472c-8dbc-39f8c1bee8e5,Lógica de Programação - Aula 11,Conteúdo da aula 11 sobre lógica de programação.,11111111-1111-1111-1111-111111111001,https://materiais.schoolofrock.com/11111111-1111-1111-1111-111111111001/aula-11.pdf
903b4151-fb3b-4535-a060-f5c1c3833d5b,Lógica de Programação - Aula 12,Conteúdo da aula 12 sobre lógica de programação.,11111111-1111-1111-1111-111111111001,https://materiais.schoolofrock.com/11111111-1111-1111-1111-111111111001/aula-12.pdf
2db645b3-0fb3-486a-8d16-76fbc3890748,Lógica de Programação - Aula 13,Conteúdo da aula 13 sobre lógica de programação.,11111111-1111-1111-1111-111111111001,https://materiais.schoolofrock.com/11111111-1111-1111-1111-111111111001/aula-13.pdf
d0718b96-7548-4ced-86be-6be30e094804,Lógica de Programação - Aula 14,Conteúdo da aula 14 sobre lógica de programação.,11111111-1111-1111-1111-111111111001,https://materiais.schoolofrock.com/11111111-1111-1111-1111-111111111001/aula-14.pdf
2f2cf330-07ae-44cd-adf0-7d1e55c677ff,Lógica de Programação - Aula 15,Conteúdo da aula 15 sobre lógica de programação.,11111111-1111-1111-1111-111111111001,https://materiais.schoolofrock.com/11111111-1111-1111-1111-111111111001/aula-15.pdf
b1573664-79c8-4173-97a9-2f6fb977c4d5,Lógica de Programação - Aula 16,Conteúdo da aula 16 sobre lógica de programação.,11111111-1111-1111-1111-111111111001,https://materiais.schoolofrock.com/11111111-1111-1111-1111-111111111001/aula-16.pdf
22fbc341-67c7-4dde-98f1-fa4ac6526ad0,Lógica de Programação - Aula 17,Conteúdo da aula 17 sobre lógica de programação.,11111111-1111-1111-1111-111111111001,
084b6112-73cb-495b-a223-cfaf3b8bcaf1,Lógica de Programação - Aula 18,Conteúdo da aula 18 sobre lógica de programação.,11111111-1111-1111-1111-111111111001,
3589dc55-589a-4adc-9e89-41e2c09c7d48,Lógica de Programação - Aula 19,Conteúdo da aula 19 sobre lógica de programação.,11111111-1111-1111-1111-111111111001,https://materiais.schoolofrock.com/11111111-1111-1111-1111-111111111001/aula-19.pdf
8157efa3-c4c0-4a8f-be07-56d82eb8c792,Lógica de Programação - Aula 20,Conteúdo da aula 20 sobre lógica de programação.,11111111-1111-1111-1111-111111111001,https://materiais.schoolofrock.com/11111111-1111-1111-1111-111111111001/aula-20.pdf
0d0947b3-1ba1-4924-9073-2384b899e89e,Algoritmos com C# - Aula 1,Conteúdo da aula 1 sobre algoritmos com c#.,11111111-1111-1111-1111-111111111002,https://materiais.schoolofrock.com/11111111-1111-1111-1111-111111111002/aula-1.pdf
e597cf0d-d3b1-4d53-8f99-814ebc2c6508,Algoritmos com C# - Aula 2,Conteúdo da aula 2 sobre algoritmos com c#.,11111111-1111-1111-1111-111111111002,
20d80ff2-1013-4a3c-93fe-09aa74495bac,Algoritmos com C# - Aula 3,Conteúdo da aula 3 sobre algoritmos com c#.,11111111-1111-1111-1111-111111111002,https://materiais.schoolofrock.com/11111111-1111-1111-1111-111111111002/aula-3.pdf
5fe4ac97-8400-461b-bcd9-f77adc2cb459,Algoritmos com C# - Aula 4,Conteúdo da aula 4 sobre algoritmos com c#.,11111111-1111-1111-1111-111111111002,
ca4717de-836f-42a3-8831-8cf5de9b93f3,Algoritmos com C# - Aula 5,Conteúdo da aula 5 sobre algoritmos com c#.,11111111-1111-1111-1111-111111111002,
a224c681-07c4-4295-ad70-9ccac548953c,Algoritmos com C# - Aula 6,Conteúdo da aula 6 sobre algoritmos com c#.,11111111-1111-1111-1111-111111111002,https://materiais.schoolofrock.com/11111111-1111-1111-1111-111111111002/aula-6.pdf
c99894dc-1830-4746-97c4-f16e5beb8870,Algoritmos com C# - Aula 7,Conteúdo da aula 7 sobre algoritmos com c#.,11111111-1111-1111-1111-111111111002,https://materiais.schoolofrock.com/11111111-1111-1111-1111-111111111002/aula-7.pdf
937d6602-0e65-4a9e-9d78-464ef0aab801,Algoritmos com C# - Aula 8,Conteúdo da aula 8 sobre algoritmos com c#.,11111111-1111-1111-1111-111111111002,https://materiais.schoolofrock.com/11111111-1111-1111-1111-111111111002/aula-8.pdf
3a8a5fbc-82e7-4aa3-b9d6-22d118f3ac78,Algoritmos com C# - Aula 9,Conteúdo da aula 9 sobre algoritmos com c#.,11111111-1111-1111-1111-111111111002,https://materiais.schoolofrock.com/11111111-1111-1111-1111-111111111002/aula-9.pdf
b91ed3b7-8693-466f-a826-0893cfb656ac,Algoritmos com C# - Aula 10,Conteúdo da aula 10 sobre algoritmos com c#.,11111111-1111-1111-1111-111111111002,
4d49a2dc-15e5-4c6d-a7db-70772cbec707,Algoritmos com C# - Aula 11,Conteúdo da aula 11 sobre algoritmos com c#.,11111111-1111-1111-1111-111111111002,https://materiais.schoolofrock.com/11111111-1111-1111-1111-111111111002/aula-11.pdf
4930e268-5309-4ec7-9714-265b2dab07bb,Algoritmos com C# - Aula 12,Conteúdo da aula 12 sobre algoritmos com c#.,11111111-1111-1111-1111-111111111002,https://materiais.schoolofrock.com/11111111-1111-1111-1111-111111111002/aula-12.pdf
de924c8a-11b5-4c70-a73f-250c24d914f5,Algoritmos com C# - Aula 13,Conteúdo da aula 13 sobre algoritmos com c#.,11111111-1111-1111-1111-111111111002,
8ea33db8-b2b3-4710-b4e2-91149a9cdf43,Algoritmos com C# - Aula 14,Conteúdo da aula 14 sobre algoritmos com c#.,11111111-1111-1111-1111-111111111002,https://materiais.schoolofrock.com/11111111-1111-1111-1111-111111111002/aula-14.pdf
b2122c2d-5822-463b-83f8-06b756a1b664,Algoritmos com C# - Aula 15,Conteúdo da aula 15 sobre algoritmos com c#.,11111111-1111-1111-1111-111111111002,https://materiais.schoolofrock.com/11111111-1111-1111-1111-111111111002/aula-15.pdf
95ed8bd3-0850-40be-9d6b-54c9dc7a2f74,Algoritmos com C# - Aula 16,Conteúdo da aula 16 sobre algoritmos com c#.,11111111-1111-1111-1111-111111111002,https://materiais.schoolofrock.com/11111111-1111-1111-1111-111111111002/aula-16.pdf
4a0b5999-19fd-468d-916b-addce49e8935,Algoritmos com C# - Aula 17,Conteúdo da aula 17 sobre algoritmos com c#.,11111111-1111-1111-1111-111111111002,
34a2e958-63f7-4010-bbbc-7ade354f7147,Algoritmos com C# - Aula 18,Conteúdo da aula 18 sobre algoritmos com c#.,11111111-1111-1111-1111-111111111002,https://materiais.schoolofrock.com/11111111-1111-1111-1111-111111111002/aula-18.pdf
a35c7283-173d-4fa8-a1c0-9f8ddecb1933,Algoritmos com C# - Aula 19,Conteúdo da aula 19 sobre algoritmos com c#.,11111111-1111-1111-1111-111111111002,https://materiais.schoolofrock.com/11111111-1111-1111-1111-111111111002/aula-19.pdf
3486204d-0e17-4af6-a70e-fd014a344ccb,Algoritmos com C# - Aula 20,Conteúdo da aula 20 sobre algoritmos com c#.,11111111-1111-1111-1111-111111111002,
9951aeaa-b0c3-42ae-82fb-8677425e8e52,HTML e CSS Avançado - Aula 1,Conteúdo da aula 1 sobre html e css avançado.,11111111-1111-1111-1111-111111111003,https://materiais.schoolofrock.com/11111111-1111-1111-1111-111111111003/aula-1.pdf
4700a6f7-f3fc-48a8-988c-d4690e14e691,HTML e CSS Avançado - Aula 2,Conteúdo da aula 2 sobre html e css avançado.,11111111-1111-1111-1111-111111111003,https://materiais.schoolofrock.com/11111111-1111-1111-1111-111111111003/aula-2.pdf
eb4d5b28-197c-46e7-a572-b681b7c40368,HTML e CSS Avançado - Aula 3,Conteúdo da aula 3 sobre html e css avançado.,11111111-1111-1111-1111-111111111003,https://materiais.schoolofrock.com/11111111-1111-1111-1111-111111111003/aula-3.pdf
c1ef2ff0-99a5-4810-929d-80125ed06889,HTML e CSS Avançado - Aula 4,Conteúdo da aula 4 sobre html e css avançado.,11111111-1111-1111-1111-111111111003,https://materiais.schoolofrock.com/11111111-1111-1111-1111-111111111003/aula-4.pdf
486d14ac-7e6d-4570-90ba-5015f29589e6,HTML e CSS Avançado - Aula 5,Conteúdo da aula 5 sobre html e css avançado.,11111111-1111-1111-1111-111111111003,https://materiais.schoolofrock.com/11111111-1111-1111-1111-111111111003/aula-5.pdf
ae835cfe-ee00-48a4-88c8-a0c33bc49421,HTML e CSS Avançado - Aula 6,Conteúdo da aula 6 sobre html e css avançado.,11111111-1111-1111-1111-111111111003,https://materiais.schoolofrock.com/11111111-1111-1111-1111-111111111003/aula-6.pdf
9fa88b85-8bf4-4913-bac0-fea1620a7989,HTML e CSS Avançado - Aula 7,Conteúdo da aula 7 sobre html e css avançado.,11111111-1111-1111-1111-111111111003,
5d385181-1ae8-42e8-b702-0ea1baf5d5ee,HTML e CSS Avançado - Aula 8,Conteúdo da aula 8 sobre html e css avançado.,11111111-1111-1111-1111-111111111003,https://materiais.schoolofrock.com/11111111-1111-1111-1111-111111111003/aula-8.pdf
ce32dfa1-3244-4d84-9b2c-1509ded8daf1,HTML e CSS Avançado - Aula 9,Conteúdo da aula 9 sobre html e css avançado.,11111111-1111-1111-1111-111111111003,https://materiais.schoolofrock.com/11111111-1111-1111-1111-111111111003/aula-9.pdf
2a734018-8fd4-43d7-816a-619d1855f795,HTML e CSS Avançado - Aula 10,Conteúdo da aula 10 sobre html e css avançado.,11111111-1111-1111-1111-111111111003,https://materiais.schoolofrock.com/11111111-1111-1111-1111-111111111003/aula-10.pdf
9098c468-e4aa-4289-a3c0-9d38ca39b964,HTML e CSS Avançado - Aula 11,Conteúdo da aula 11 sobre html e css avançado.,11111111-1111-1111-1111-111111111003,
04f38c17-eb3b-4a81-86d1-1061cdc14c0f,HTML e CSS Avançado - Aula 12,Conteúdo da aula 12 sobre html e css avançado.,11111111-1111-1111-1111-111111111003,https://materiais.schoolofrock.com/11111111-1111-1111-1111-111111111003/aula-12.pdf
f62e2a27-e188-4d80-b2ef-6d1370d16702,HTML e CSS Avançado - Aula 13,Conteúdo da aula 13 sobre html e css avançado.,11111111-1111-1111-1111-111111111003,https://materiais.schoolofrock.com/11111111-1111-1111-1111-111111111003/aula-13.pdf
0b72773c-34c6-4795-a2cc-bee982f97b8f,HTML e CSS Avançado - Aula 14,Conteúdo da aula 14 sobre html e css avançado.,11111111-1111-1111-1111-111111111003,https://materiais.schoolofrock.com/11111111-1111-1111-1111-111111111003/aula-14.pdf
f8ad3248-35c2-474c-a5c6-593e47049db5,HTML e CSS Avançado - Aula 15,Conteúdo da aula 15 sobre html e css avançado.,11111111-1111-1111-1111-111111111003,https://materiais.schoolofrock.com/11111111-1111-1111-1111-111111111003/aula-15.pdf
29c2f614-cb8f-497e-9171-f78bc7a10ab2,HTML e CSS Avançado - Aula 16,Conteúdo da aula 16 sobre html e css avançado.,11111111-1111-1111-1111-111111111003,https://materiais.schoolofrock.com/11111111-1111-1111-1111-111111111003/aula-16.pdf
646d9399-4376-4519-82f1-0464cc2a76e7,HTML e CSS Avançado - Aula 17,Conteúdo da aula 17 sobre html e css avançado.,11111111-1111-1111-1111-111111111003,
6554bf58-408f-4cee-ba16-dc0699194573,HTML e CSS Avançado - Aula 18,Conteúdo da aula 18 sobre html e css avançado.,11111111-1111-1111-1111-111111111003,https://materiais.schoolofrock.com/11111111-1111-1111-1111-111111111003/aula-18.pdf
f9ccb0fd-133f-4da3-861c-02a116b241d7,HTML e CSS Avançado - Aula 19,Conteúdo da aula 19 sobre html e css avançado.,11111111-1111-1111-1111-111111111003,
0576aca1-9092-4b7b-a64c-a75b095acd58,HTML e CSS Avançado - Aula 20,Conteúdo da aula 20 sobre html e css avançado.,11111111-1111-1111-1111-111111111003,https://materiais.schoolofrock.com/11111111-1111-1111-1111-111111111003/aula-20.pdf
4dd86223-b6c2-4cdd-81d0-dad9e3494c89,JavaScript Moderno - Aula 1,Conteúdo da aula 1 sobre javascript moderno.,11111111-1111-1111-1111-111111111004,https://materiais.schoolofrock.com/11111111-1111-1111-1111-111111111004/aula-1.pdf
bfb94efa-5363-49d1-8b5c-3df1c1aa6150,JavaScript Moderno - Aula 2,Conteúdo da aula 2 sobre javascript moderno.,11111111-1111-1111-1111-111111111004,https://materiais.schoolofrock.com/11111111-1111-1111-1111-111111111004/aula-2.pdf
bcf6e78b-6c12-46e1-96ac-c741b1d6442f,JavaScript Moderno - Aula 3,Conteúdo da aula 3 sobre javascript moderno.,11111111-1111-1111-1111-111111111004,https://materiais.schoolofrock.com/11111111-1111-1111-1111-111111111004/aula-3.pdf
4c4f4c40-5e84-469c-86a5-a057068a1b8d,JavaScript Moderno - Aula 4,Conteúdo da aula 4 sobre javascript moderno.,11111111-1111-1111-1111-111111111004,https://materiais.schoolofrock.com/11111111-1111-1111-1111-111111111004/aula-4.pdf
6170ca20-10f6-4e4c-b981-e739aeb514d4,JavaScript Moderno - Aula 5,Conteúdo da aula 5 sobre javascript moderno.,11111111-1111-1111-1111-111111111004,https://materiais.schoolofrock.com/11111111-1111-1111-1111-111111111004/aula-5.pdf
66c51647-fc98-4d9b-9750-3764bf9b6e35,JavaScript Moderno - Aula 6,Conteúdo da aula 6 sobre javascript moderno.,11111111-1111-1111-1111-111111111004,https://materiais.schoolofrock.com/11111111-1111-1111-1111-111111111004/aula-6.pdf
ce7ff78c-486e-4eff-bf5b-1e9b436829d3,JavaScript Moderno - Aula 7,Conteúdo da aula 7 sobre javascript moderno.,11111111-1111-1111-1111-111111111004,https://materiais.schoolofrock.com/11111111-1111-1111-1111-111111111004/aula-7.pdf
5923ff87-dbad-426f-91f9-66eb05f8fd32,JavaScript Moderno - Aula 8,Conteúdo da aula 8 sobre javascript moderno.,11111111-1111-1111-1111-111111111004,https://materiais.schoolofrock.com/11111111-1111-1111-1111-111111111004/aula-8.pdf
c507083a-5502-488b-af08-d51f5acb7496,JavaScript Moderno - Aula 9,Conteúdo da aula 9 sobre javascript moderno.,11111111-1111-1111-1111-111111111004,https://materiais.schoolofrock.com/11111111-1111-1111-1111-111111111004/aula-9.pdf
c6bb5c0d-b70a-40fd-88ec-441e381bc469,JavaScript Moderno - Aula 10,Conteúdo da aula 10 sobre javascript moderno.,11111111-1111-1111-1111-111111111004,https://materiais.schoolofrock.com/11111111-1111-1111-1111-111111111004/aula-10.pdf
76f5e7f6-7e13-40f8-9f66-5b7d4f956bd1,JavaScript Moderno - Aula 11,Conteúdo da aula 11 sobre javascript moderno.,11111111-1111-1111-1111-111111111004,https://materiais.schoolofrock.com/11111111-1111-1111-1111-111111111004/aula-11.pdf
f2469f0b-26ed-445e-b606-d35e4dc83ca3,JavaScript Moderno - Aula 12,Conteúdo da aula 12 sobre javascript moderno.,11111111-1111-1111-1111-111111111004,https://materiais.schoolofrock.com/11111111-1111-1111-1111-111111111004/aula-12.pdf
e808d356-ca07-4930-beee-c623e72e9018,JavaScript Moderno - Aula 13,Conteúdo da aula 13 sobre javascript moderno.,11111111-1111-1111-1111-111111111004,https://materiais.schoolofrock.com/11111111-1111-1111-1111-111111111004/aula-13.pdf
a8a66259-e6b9-4a4d-8975-05a63b0031e4,JavaScript Moderno - Aula 14,Conteúdo da aula 14 sobre javascript moderno.,11111111-1111-1111-1111-111111111004,https://materiais.schoolofrock.com/11111111-1111-1111-1111-111111111004/aula-14.pdf
aded3cd1-094a-48ef-ac23-bbd3a21ab271,JavaScript Moderno - Aula 15,Conteúdo da aula 15 sobre javascript moderno.,11111111-1111-1111-1111-111111111004,https://materiais.schoolofrock.com/11111111-1111-1111-1111-111111111004/aula-15.pdf
4675d907-44c5-45d1-ada3-5213d72176b2,JavaScript Moderno - Aula 16,Conteúdo da aula 16 sobre javascript moderno.,11111111-1111-1111-1111-111111111004,https://materiais.schoolofrock.com/11111111-1111-1111-1111-111111111004/aula-16.pdf
f553027f-7452-4597-be1d-becb73c6a5c0,JavaScript Moderno - Aula 17,Conteúdo da aula 17 sobre javascript moderno.,11111111-1111-1111-1111-111111111004,https://materiais.schoolofrock.com/11111111-1111-1111-1111-111111111004/aula-17.pdf
3956ad49-cab0-4444-b88a-3a8f8fbfd11c,JavaScript Moderno - Aula 18,Conteúdo da aula 18 sobre javascript moderno.,11111111-1111-1111-1111-111111111004,
1a5a3a71-785d-4677-8562-69cf37f6fdf9,JavaScript Moderno - Aula 19,Conteúdo da aula 19 sobre javascript moderno.,11111111-1111-1111-1111-111111111004,
d8257f95-ea58-471c-9494-f55eebcb70f6,JavaScript Moderno - Aula 20,Conteúdo da aula 20 sobre javascript moderno.,11111111-1111-1111-1111-111111111004,
d6911755-057b-48e5-adf5-1a02e3fe5cb2,Desenvolvimento com ASP.NET Core - Aula 1,Conteúdo da aula 1 sobre desenvolvimento com asp.net core.,11111111-1111-1111-1111-111111111005,https://materiais.schoolofrock.com/11111111-1111-1111-1111-111111111005/aula-1.pdf
cbc37baf-8a84-485f-894b-23df0be01a6a,Desenvolvimento com ASP.NET Core - Aula 2,Conteúdo da aula 2 sobre desenvolvimento com asp.net core.,11111111-1111-1111-1111-111111111005,https://materiais.schoolofrock.com/11111111-1111-1111-1111-111111111005/aula-2.pdf
7cae4f82-d27f-4400-aa7b-ef2792be016c,Desenvolvimento com ASP.NET Core - Aula 3,Conteúdo da aula 3 sobre desenvolvimento com asp.net core.,11111111-1111-1111-1111-111111111005,https://materiais.schoolofrock.com/11111111-1111-1111-1111-111111111005/aula-3.pdf
abf1f161-ff64-440e-818c-ce60b028f0b9,Desenvolvimento com ASP.NET Core - Aula 4,Conteúdo da aula 4 sobre desenvolvimento com asp.net core.,11111111-1111-1111-1111-111111111005,https://materiais.schoolofrock.com/11111111-1111-1111-1111-111111111005/aula-4.pdf
b7e4eb5e-53d7-4dd4-a95e-e160b75c3a6c,Desenvolvimento com ASP.NET Core - Aula 5,Conteúdo da aula 5 sobre desenvolvimento com asp.net core.,11111111-1111-1111-1111-111111111005,https://materiais.schoolofrock.com/11111111-1111-1111-1111-111111111005/aula-5.pdf
d6fb0fe8-59a8-4a2b-9444-e270e33ce508,Desenvolvimento com ASP.NET Core - Aula 6,Conteúdo da aula 6 sobre desenvolvimento com asp.net core.,11111111-1111-1111-1111-111111111005,https://materiais.schoolofrock.com/11111111-1111-1111-1111-111111111005/aula-6.pdf
a020a40e-56e4-4048-b6f1-a2e07246b094,Desenvolvimento com ASP.NET Core - Aula 7,Conteúdo da aula 7 sobre desenvolvimento com asp.net core.,11111111-1111-1111-1111-111111111005,https://materiais.schoolofrock.com/11111111-1111-1111-1111-111111111005/aula-7.pdf
c3ed53a4-f2cc-41b9-9eb4-16d0be9350e8,Desenvolvimento com ASP.NET Core - Aula 8,Conteúdo da aula 8 sobre desenvolvimento com asp.net core.,11111111-1111-1111-1111-111111111005,https://materiais.schoolofrock.com/11111111-1111-1111-1111-111111111005/aula-8.pdf
0098951b-5ea7-47e1-b547-dfca02a3b9d0,Desenvolvimento com ASP.NET Core - Aula 9,Conteúdo da aula 9 sobre desenvolvimento com asp.net core.,11111111-1111-1111-1111-111111111005,https://materiais.schoolofrock.com/11111111-1111-1111-1111-111111111005/aula-9.pdf
70042a0f-ae26-404c-9d7f-c8129ddefdec,Desenvolvimento com ASP.NET Core - Aula 10,Conteúdo da aula 10 sobre desenvolvimento com asp.net core.,11111111-1111-1111-1111-111111111005,https://materiais.schoolofrock.com/11111111-1111-1111-1111-111111111005/aula-10.pdf
3ff62946-eadb-4399-ad8e-3c477c62323c,Desenvolvimento com ASP.NET Core - Aula 11,Conteúdo da aula 11 sobre desenvolvimento com asp.net core.,11111111-1111-1111-1111-111111111005,
10ce7206-7236-4162-a4f7-0fce74918ab7,Desenvolvimento com ASP.NET Core - Aula 12,Conteúdo da aula 12 sobre desenvolvimento com asp.net core.,11111111-1111-1111-1111-111111111005,https://materiais.schoolofrock.com/11111111-1111-1111-1111-111111111005/aula-12.pdf
54fc1674-c96c-43a0-b76f-eafc452d6e33,Desenvolvimento com ASP.NET Core - Aula 13,Conteúdo da aula 13 sobre desenvolvimento com asp.net core.,11111111-1111-1111-1111-111111111005,https://materiais.schoolofrock.com/11111111-1111-1111-1111-111111111005/aula-13.pdf
af1de585-a1ed-4056-a7c8-33003c942468,Desenvolvimento com ASP.NET Core - Aula 14,Conteúdo da aula 14 sobre desenvolvimento com asp.net core.,11111111-1111-1111-1111-111111111005,https://materiais.schoolofrock.com/11111111-1111-1111-1111-111111111005/aula-14.pdf
e087cf0e-bfd7-4cce-a6e9-d0317402220a,Desenvolvimento com ASP.NET Core - Aula 15,Conteúdo da aula 15 sobre desenvolvimento com asp.net core.,11111111-1111-1111-1111-111111111005,https://materiais.schoolofrock.com/11111111-1111-1111-1111-111111111005/aula-15.pdf
2cf638ed-a9bd-4a7a-8f8e-8b7adef73792,Desenvolvimento com ASP.NET Core - Aula 16,Conteúdo da aula 16 sobre desenvolvimento com asp.net core.,11111111-1111-1111-1111-111111111005,https://materiais.schoolofrock.com/11111111-1111-1111-1111-111111111005/aula-16.pdf
b59e2abb-f587-4c68-acdd-f2d456839ba6,Desenvolvimento com ASP.NET Core - Aula 17,Conteúdo da aula 17 sobre desenvolvimento com asp.net core.,11111111-1111-1111-1111-111111111005,https://materiais.schoolofrock.com/11111111-1111-1111-1111-111111111005/aula-17.pdf
94092870-a89b-43aa-af22-75ef3318cff9,Desenvolvimento com ASP.NET Core - Aula 18,Conteúdo da aula 18 sobre desenvolvimento com asp.net core.,11111111-1111-1111-1111-111111111005,https://materiais.schoolofrock.com/11111111-1111-1111-1111-111111111005/aula-18.pdf
17236c6e-28e4-4ab9-b271-1bc18b5973b9,Desenvolvimento com ASP.NET Core - Aula 19,Conteúdo da aula 19 sobre desenvolvimento com asp.net core.,11111111-1111-1111-1111-111111111005,https://materiais.schoolofrock.com/11111111-1111-1111-1111-111111111005/aula-19.pdf
294ba488-0338-477c-af68-be30d5113c6c,Desenvolvimento com ASP.NET Core - Aula 20,Conteúdo da aula 20 sobre desenvolvimento com asp.net core.,11111111-1111-1111-1111-111111111005,
ec8d33a7-3dac-4cd8-91b1-c7fc8d0aff7b,Entity Framework Core - Aula 1,Conteúdo da aula 1 sobre entity framework core.,11111111-1111-1111-1111-111111111006,https://materiais.schoolofrock.com/11111111-1111-1111-1111-111111111006/aula-1.pdf
fa125190-dce4-4e67-bd8c-a8befff976a6,Entity Framework Core - Aula 2,Conteúdo da aula 2 sobre entity framework core.,11111111-1111-1111-1111-111111111006,
95f48677-d167-42ed-8a31-878c1c9990b1,Entity Framework Core - Aula 3,Conteúdo da aula 3 sobre entity framework core.,11111111-1111-1111-1111-111111111006,https://materiais.schoolofrock.com/11111111-1111-1111-1111-111111111006/aula-3.pdf
76636e6b-084c-4b05-92d8-b62bfc8337fb,Entity Framework Core - Aula 4,Conteúdo da aula 4 sobre entity framework core.,11111111-1111-1111-1111-111111111006,https://materiais.schoolofrock.com/11111111-1111-1111-1111-111111111006/aula-4.pdf
6d45ab26-6bba-44c1-b4a2-a9e123cf0912,Entity Framework Core - Aula 5,Conteúdo da aula 5 sobre entity framework core.,11111111-1111-1111-1111-111111111006,
4db3aae6-bcff-4720-a06b-74aff89d521d,Entity Framework Core - Aula 6,Conteúdo da aula 6 sobre entity framework core.,11111111-1111-1111-1111-111111111006,
5bd47711-8aed-4b7e-a8bc-b69d3f0b0e80,Entity Framework Core - Aula 7,Conteúdo da aula 7 sobre entity framework core.,11111111-1111-1111-1111-111111111006,
4dd5556d-be62-4ce0-8be6-4446ee470896,Entity Framework Core - Aula 8,Conteúdo da aula 8 sobre entity framework core.,11111111-1111-1111-1111-111111111006,https://materiais.schoolofrock.com/11111111-1111-1111-1111-111111111006/aula-8.pdf
a15a85f8-cfaf-4169-98a2-dc9fdc7f1967,Entity Framework Core - Aula 9,Conteúdo da aula 9 sobre entity framework core.,11111111-1111-1111-1111-111111111006,https://materiais.schoolofrock.com/11111111-1111-1111-1111-111111111006/aula-9.pdf
0a68f571-3801-4982-a2df-196b8fe30d03,Entity Framework Core - Aula 10,Conteúdo da aula 10 sobre entity framework core.,11111111-1111-1111-1111-111111111006,https://materiais.schoolofrock.com/11111111-1111-1111-1111-111111111006/aula-10.pdf
6f63f85d-83cf-41f5-8d27-c27014785faa,Entity Framework Core - Aula 11,Conteúdo da aula 11 sobre entity framework core.,11111111-1111-1111-1111-111111111006,https://materiais.schoolofrock.com/11111111-1111-1111-1111-111111111006/aula-11.pdf
c8748478-cf97-41ff-ae95-0101de2cb6fa,Entity Framework Core - Aula 12,Conteúdo da aula 12 sobre entity framework core.,11111111-1111-1111-1111-111111111006,https://materiais.schoolofrock.com/11111111-1111-1111-1111-111111111006/aula-12.pdf
068ef4fd-c46d-4843-b0d5-e8fc80708c64,Entity Framework Core - Aula 13,Conteúdo da aula 13 sobre entity framework core.,11111111-1111-1111-1111-111111111006,https://materiais.schoolofrock.com/11111111-1111-1111-1111-111111111006/aula-13.pdf
5439c6a1-997a-46ab-8c66-05114b506e35,Entity Framework Core - Aula 14,Conteúdo da aula 14 sobre entity framework core.,11111111-1111-1111-1111-111111111006,https://materiais.schoolofrock.com/11111111-1111-1111-1111-111111111006/aula-14.pdf
599ef200-645a-495c-b1e9-ab6261dfc0a3,Entity Framework Core - Aula 15,Conteúdo da aula 15 sobre entity framework core.,11111111-1111-1111-1111-111111111006,https://materiais.schoolofrock.com/11111111-1111-1111-1111-111111111006/aula-15.pdf
c0fc3cc8-46f9-4b59-86ac-24e47e2989b5,Entity Framework Core - Aula 16,Conteúdo da aula 16 sobre entity framework core.,11111111-1111-1111-1111-111111111006,https://materiais.schoolofrock.com/11111111-1111-1111-1111-111111111006/aula-16.pdf
f11a9817-2200-4a6f-82b9-803ac5c51011,Entity Framework Core - Aula 17,Conteúdo da aula 17 sobre entity framework core.,11111111-1111-1111-1111-111111111006,https://materiais.schoolofrock.com/11111111-1111-1111-1111-111111111006/aula-17.pdf
28ba47cf-1b3b-4882-8fac-1ddb1785de46,Entity Framework Core - Aula 18,Conteúdo da aula 18 sobre entity framework core.,11111111-1111-1111-1111-111111111006,https://materiais.schoolofrock.com/11111111-1111-1111-1111-111111111006/aula-18.pdf
e1474b5f-b96e-4cca-90d5-9eaa6e9038e9,Entity Framework Core - Aula 19,Conteúdo da aula 19 sobre entity framework core.,11111111-1111-1111-1111-111111111006,https://materiais.schoolofrock.com/11111111-1111-1111-1111-111111111006/aula-19.pdf
e7a7fe58-910a-4d65-8d16-94b01858f672,Entity Framework Core - Aula 20,Conteúdo da aula 20 sobre entity framework core.,11111111-1111-1111-1111-111111111006,
5c581179-51e0-4cbf-a8a3-5e934d7f75e4,SQL Server para Desenvolvedores - Aula 1,Conteúdo da aula 1 sobre sql server para desenvolvedores.,11111111-1111-1111-1111-111111111007,
4831a6b7-7821-4f6c-8c0d-f0a2dc02979d,SQL Server para Desenvolvedores - Aula 2,Conteúdo da aula 2 sobre sql server para desenvolvedores.,11111111-1111-1111-1111-111111111007,
6bc8a9d6-61d5-4610-9b58-91a15752c497,SQL Server para Desenvolvedores - Aula 3,Conteúdo da aula 3 sobre sql server para desenvolvedores.,11111111-1111-1111-1111-111111111007,https://materiais.schoolofrock.com/11111111-1111-1111-1111-111111111007/aula-3.pdf
d521e14b-442c-477a-9f00-43404b99b7b5,SQL Server para Desenvolvedores - Aula 4,Conteúdo da aula 4 sobre sql server para desenvolvedores.,11111111-1111-1111-1111-111111111007,
5cfb366b-7f6c-41ff-b0be-cf9cd6e6d1c2,SQL Server para Desenvolvedores - Aula 5,Conteúdo da aula 5 sobre sql server para desenvolvedores.,11111111-1111-1111-1111-111111111007,https://materiais.schoolofrock.com/11111111-1111-1111-1111-111111111007/aula-5.pdf
03193a0f-1660-4d80-9a1b-bfedbb931aef,SQL Server para Desenvolvedores - Aula 6,Conteúdo da aula 6 sobre sql server para desenvolvedores.,11111111-1111-1111-1111-111111111007,https://materiais.schoolofrock.com/11111111-1111-1111-1111-111111111007/aula-6.pdf
21b85eda-bf75-42a9-88f2-b06f984f4b7b,SQL Server para Desenvolvedores - Aula 7,Conteúdo da aula 7 sobre sql server para desenvolvedores.,11111111-1111-1111-1111-111111111007,https://materiais.schoolofrock.com/11111111-1111-1111-1111-111111111007/aula-7.pdf
f2cd1bf1-4ac0-4980-9a72-9b503dbcc342,SQL Server para Desenvolvedores - Aula 8,Conteúdo da aula 8 sobre sql server para desenvolvedores.,11111111-1111-1111-1111-111111111007,https://materiais.schoolofrock.com/11111111-1111-1111-1111-111111111007/aula-8.pdf
d2f4f8ac-12ae-4904-aa2e-d9ba4b38cd2b,SQL Server para Desenvolvedores - Aula 9,Conteúdo da aula 9 sobre sql server para desenvolvedores.,11111111-1111-1111-1111-111111111007,https://materiais.schoolofrock.com/11111111-1111-1111-1111-111111111007/aula-9.pdf
194394ff-1c85-4387-a706-c52a4e335f00,SQL Server para Desenvolvedores - Aula 10,Conteúdo da aula 10 sobre sql server para desenvolvedores.,11111111-1111-1111-1111-111111111007,https://materiais.schoolofrock.com/11111111-1111-1111-1111-111111111007/aula-10.pdf
99bcf1ab-a82e-4d04-adff-a86aff89fbaa,SQL Server para Desenvolvedores - Aula 11,Conteúdo da aula 11 sobre sql server para desenvolvedores.,11111111-1111-1111-1111-111111111007,https://materiais.schoolofrock.com/11111111-1111-1111-1111-111111111007/aula-11.pdf
bd5bde8f-8def-4d47-b036-de40cda4d50e,SQL Server para Desenvolvedores - Aula 12,Conteúdo da aula 12 sobre sql server para desenvolvedores.,11111111-1111-1111-1111-111111111007,https://materiais.schoolofrock.com/11111111-1111-1111-1111-111111111007/aula-12.pdf
965fc1b1-de74-45f2-8894-e87ef3595834,SQL Server para Desenvolvedores - Aula 13,Conteúdo da aula 13 sobre sql server para desenvolvedores.,11111111-1111-1111-1111-111111111007,
1b3e82f5-4fdb-470d-947f-2c4d2184f04c,SQL Server para Desenvolvedores - Aula 14,Conteúdo da aula 14 sobre sql server para desenvolvedores.,11111111-1111-1111-1111-111111111007,https://materiais.schoolofrock.com/11111111-1111-1111-1111-111111111007/aula-14.pdf
601e9005-ff61-4b00-8fe1-142e83079927,SQL Server para Desenvolvedores - Aula 15,Conteúdo da aula 15 sobre sql server para desenvolvedores.,11111111-1111-1111-1111-111111111007,
38c2ee10-a988-45d1-b074-ed217cdcdc0d,SQL Server para Desenvolvedores - Aula 16,Conteúdo da aula 16 sobre sql server para desenvolvedores.,11111111-1111-1111-1111-111111111007,https://materiais.schoolofrock.com/11111111-1111-1111-1111-111111111007/aula-16.pdf
2d0fb86e-a721-4229-b313-f130bc6ef2d3,SQL Server para Desenvolvedores - Aula 17,Conteúdo da aula 17 sobre sql server para desenvolvedores.,11111111-1111-1111-1111-111111111007,https://materiais.schoolofrock.com/11111111-1111-1111-1111-111111111007/aula-17.pdf
d6361a50-01c2-46ef-acf5-7af3ef030917,SQL Server para Desenvolvedores - Aula 18,Conteúdo da aula 18 sobre sql server para desenvolvedores.,11111111-1111-1111-1111-111111111007,https://materiais.schoolofrock.com/11111111-1111-1111-1111-111111111007/aula-18.pdf
2006949b-148b-4c16-8fab-dc570c8ef9df,SQL Server para Desenvolvedores - Aula 19,Conteúdo da aula 19 sobre sql server para desenvolvedores.,11111111-1111-1111-1111-111111111007,https://materiais.schoolofrock.com/11111111-1111-1111-1111-111111111007/aula-19.pdf
ac69d759-a98d-4487-9eeb-18ba050a7281,SQL Server para Desenvolvedores - Aula 20,Conteúdo da aula 20 sobre sql server para desenvolvedores.,11111111-1111-1111-1111-111111111007,https://materiais.schoolofrock.com/11111111-1111-1111-1111-111111111007/aula-20.pdf
0b1cfadb-b489-414d-9b24-affc2032a4da,Git e Controle de Versão - Aula 1,Conteúdo da aula 1 sobre git e controle de versão.,11111111-1111-1111-1111-111111111008,https://materiais.schoolofrock.com/11111111-1111-1111-1111-111111111008/aula-1.pdf
847a010f-60bf-468c-a322-57425d5fa05a,Git e Controle de Versão - Aula 2,Conteúdo da aula 2 sobre git e controle de versão.,11111111-1111-1111-1111-111111111008,https://materiais.schoolofrock.com/11111111-1111-1111-1111-111111111008/aula-2.pdf
ba06d1ab-455d-4b6a-a8d5-31e8060fb0ee,Git e Controle de Versão - Aula 3,Conteúdo da aula 3 sobre git e controle de versão.,11111111-1111-1111-1111-111111111008,https://materiais.schoolofrock.com/11111111-1111-1111-1111-111111111008/aula-3.pdf
c73dc56d-c29b-4132-9923-7b0b08b0611a,Git e Controle de Versão - Aula 4,Conteúdo da aula 4 sobre git e controle de versão.,11111111-1111-1111-1111-111111111008,https://materiais.schoolofrock.com/11111111-1111-1111-1111-111111111008/aula-4.pdf
eee5b112-3f90-4728-887c-6d7c939ea52b,Git e Controle de Versão - Aula 5,Conteúdo da aula 5 sobre git e controle de versão.,11111111-1111-1111-1111-111111111008,https://materiais.schoolofrock.com/11111111-1111-1111-1111-111111111008/aula-5.pdf
281ab9a5-0b5e-4689-a514-1773afe32f3b,Git e Controle de Versão - Aula 6,Conteúdo da aula 6 sobre git e controle de versão.,11111111-1111-1111-1111-111111111008,https://materiais.schoolofrock.com/11111111-1111-1111-1111-111111111008/aula-6.pdf
0f16273d-385a-4cf8-9a89-fa3d2fcd3355,Git e Controle de Versão - Aula 7,Conteúdo da aula 7 sobre git e controle de versão.,11111111-1111-1111-1111-111111111008,https://materiais.schoolofrock.com/11111111-1111-1111-1111-111111111008/aula-7.pdf
db8e5d60-444f-45c7-9bd5-22d90030ddec,Git e Controle de Versão - Aula 8,Conteúdo da aula 8 sobre git e controle de versão.,11111111-1111-1111-1111-111111111008,
fa5ef691-b27f-4aa1-8fe9-ff0466ae990a,Git e Controle de Versão - Aula 9,Conteúdo da aula 9 sobre git e controle de versão.,11111111-1111-1111-1111-111111111008,https://materiais.schoolofrock.com/11111111-1111-1111-1111-111111111008/aula-9.pdf
4c80c9c8-aae2-4846-a05b-0af77ad06335,Git e Controle de Versão - Aula 10,Conteúdo da aula 10 sobre git e controle de versão.,11111111-1111-1111-1111-111111111008,https://materiais.schoolofrock.com/11111111-1111-1111-1111-111111111008/aula-10.pdf
9f9a4781-2dd8-4355-a048-e2130a34377f,Git e Controle de Versão - Aula 11,Conteúdo da aula 11 sobre git e controle de versão.,11111111-1111-1111-1111-111111111008,https://materiais.schoolofrock.com/11111111-1111-1111-1111-111111111008/aula-11.pdf
6acb28c3-6620-47cf-b718-e6f6390c9623,Git e Controle de Versão - Aula 12,Conteúdo da aula 12 sobre git e controle de versão.,11111111-1111-1111-1111-111111111008,https://materiais.schoolofrock.com/11111111-1111-1111-1111-111111111008/aula-12.pdf
19e9d40e-2a0f-4d57-b4b7-99221ce18cf7,Git e Controle de Versão - Aula 13,Conteúdo da aula 13 sobre git e controle de versão.,11111111-1111-1111-1111-111111111008,
a4f0fcbb-2100-4ba2-9c37-757983621272,Git e Controle de Versão - Aula 14,Conteúdo da aula 14 sobre git e controle de versão.,11111111-1111-1111-1111-111111111008,https://materiais.schoolofrock.com/11111111-1111-1111-1111-111111111008/aula-14.pdf
2a5d1c67-9e49-4571-802b-aca2bc4b137f,Git e Controle de Versão - Aula 15,Conteúdo da aula 15 sobre git e controle de versão.,11111111-1111-1111-1111-111111111008,https://materiais.schoolofrock.com/11111111-1111-1111-1111-111111111008/aula-15.pdf
ec848970-e2b2-454d-86be-e7cdb1bb15ce,Git e Controle de Versão - Aula 16,Conteúdo da aula 16 sobre git e controle de versão.,11111111-1111-1111-1111-111111111008,
e234cc09-85e1-4e62-bc00-21ad35a7c915,Git e Controle de Versão - Aula 17,Conteúdo da aula 17 sobre git e controle de versão.,11111111-1111-1111-1111-111111111008,https://materiais.schoolofrock.com/11111111-1111-1111-1111-111111111008/aula-17.pdf
51b02ef2-405c-4754-86b0-a831ca3f9706,Git e Controle de Versão - Aula 18,Conteúdo da aula 18 sobre git e controle de versão.,11111111-1111-1111-1111-111111111008,
2ec63a8e-4ae9-4d46-97ca-ca5556d18170,Git e Controle de Versão - Aula 19,Conteúdo da aula 19 sobre git e controle de versão.,11111111-1111-1111-1111-111111111008,https://materiais.schoolofrock.com/11111111-1111-1111-1111-111111111008/aula-19.pdf
7fad812f-6127-4fc2-b2a3-0fbbe58332f0,Git e Controle de Versão - Aula 20,Conteúdo da aula 20 sobre git e controle de versão.,11111111-1111-1111-1111-111111111008,
7b041b6a-f622-4c1c-84c9-fb55f78b83a1,Clean Code com C# - Aula 1,Conteúdo da aula 1 sobre clean code com c#.,11111111-1111-1111-1111-111111111009,https://materiais.schoolofrock.com/11111111-1111-1111-1111-111111111009/aula-1.pdf
e7b715db-791c-4b2f-97f0-cbbdfe860265,Clean Code com C# - Aula 2,Conteúdo da aula 2 sobre clean code com c#.,11111111-1111-1111-1111-111111111009,
6eca6dbd-5035-4038-8b8f-58ae46a2167f,Clean Code com C# - Aula 3,Conteúdo da aula 3 sobre clean code com c#.,11111111-1111-1111-1111-111111111009,https://materiais.schoolofrock.com/11111111-1111-1111-1111-111111111009/aula-3.pdf
3addd61b-4d20-4ade-814d-117d68eb8dab,Clean Code com C# - Aula 4,Conteúdo da aula 4 sobre clean code com c#.,11111111-1111-1111-1111-111111111009,https://materiais.schoolofrock.com/11111111-1111-1111-1111-111111111009/aula-4.pdf
4d8bbf73-7119-43da-9f9f-bcaa3e394379,Clean Code com C# - Aula 5,Conteúdo da aula 5 sobre clean code com c#.,11111111-1111-1111-1111-111111111009,https://materiais.schoolofrock.com/11111111-1111-1111-1111-111111111009/aula-5.pdf
be3145f7-5665-428d-906a-026c7f02778f,Clean Code com C# - Aula 6,Conteúdo da aula 6 sobre clean code com c#.,11111111-1111-1111-1111-111111111009,https://materiais.schoolofrock.com/11111111-1111-1111-1111-111111111009/aula-6.pdf
1f846d88-1a97-4eb6-bbfc-598d3a475b91,Clean Code com C# - Aula 7,Conteúdo da aula 7 sobre clean code com c#.,11111111-1111-1111-1111-111111111009,https://materiais.schoolofrock.com/11111111-1111-1111-1111-111111111009/aula-7.pdf
67986776-4a61-45da-baf0-30234e66146d,Clean Code com C# - Aula 8,Conteúdo da aula 8 sobre clean code com c#.,11111111-1111-1111-1111-111111111009,
c71b2ec1-7a65-4c6d-ad30-4c1b3d7d3875,Clean Code com C# - Aula 9,Conteúdo da aula 9 sobre clean code com c#.,11111111-1111-1111-1111-111111111009,https://materiais.schoolofrock.com/11111111-1111-1111-1111-111111111009/aula-9.pdf
3cb72882-d9e0-4b51-b55c-b9839610f7f5,Clean Code com C# - Aula 10,Conteúdo da aula 10 sobre clean code com c#.,11111111-1111-1111-1111-111111111009,https://materiais.schoolofrock.com/11111111-1111-1111-1111-111111111009/aula-10.pdf
83d21ff2-15fc-4395-a213-4809c5dee7e4,Clean Code com C# - Aula 11,Conteúdo da aula 11 sobre clean code com c#.,11111111-1111-1111-1111-111111111009,https://materiais.schoolofrock.com/11111111-1111-1111-1111-111111111009/aula-11.pdf
00412d5d-6e24-4a16-adfb-322b8418e042,Clean Code com C# - Aula 12,Conteúdo da aula 12 sobre clean code com c#.,11111111-1111-1111-1111-111111111009,https://materiais.schoolofrock.com/11111111-1111-1111-1111-111111111009/aula-12.pdf
ed8d18bb-5a68-4340-a0f8-3fde782a3fb1,Clean Code com C# - Aula 13,Conteúdo da aula 13 sobre clean code com c#.,11111111-1111-1111-1111-111111111009,https://materiais.schoolofrock.com/11111111-1111-1111-1111-111111111009/aula-13.pdf
5a70373c-b2e2-40df-891f-c6a69d243e74,Clean Code com C# - Aula 14,Conteúdo da aula 14 sobre clean code com c#.,11111111-1111-1111-1111-111111111009,https://materiais.schoolofrock.com/11111111-1111-1111-1111-111111111009/aula-14.pdf
6abbac0b-7673-4a70-ae91-45311b83fd1c,Clean Code com C# - Aula 15,Conteúdo da aula 15 sobre clean code com c#.,11111111-1111-1111-1111-111111111009,https://materiais.schoolofrock.com/11111111-1111-1111-1111-111111111009/aula-15.pdf
88cf81d4-86f0-411e-b3fc-c47ff178aa33,Clean Code com C# - Aula 16,Conteúdo da aula 16 sobre clean code com c#.,11111111-1111-1111-1111-111111111009,
2730545b-f945-42b0-9e39-36af059828b6,Clean Code com C# - Aula 17,Conteúdo da aula 17 sobre clean code com c#.,11111111-1111-1111-1111-111111111009,https://materiais.schoolofrock.com/11111111-1111-1111-1111-111111111009/aula-17.pdf
f2d01ddd-699e-41d8-b892-8beb880a9266,Clean Code com C# - Aula 18,Conteúdo da aula 18 sobre clean code com c#.,11111111-1111-1111-1111-111111111009,https://materiais.schoolofrock.com/11111111-1111-1111-1111-111111111009/aula-18.pdf
3a13a0c3-ec23-4f66-8e4e-2c614ff06243,Clean Code com C# - Aula 19,Conteúdo da aula 19 sobre clean code com c#.,11111111-1111-1111-1111-111111111009,https://materiais.schoolofrock.com/11111111-1111-1111-1111-111111111009/aula-19.pdf
8b999c0f-d9e6-46dc-8401-794b3cac1582,Clean Code com C# - Aula 20,Conteúdo da aula 20 sobre clean code com c#.,11111111-1111-1111-1111-111111111009,https://materiais.schoolofrock.com/11111111-1111-1111-1111-111111111009/aula-20.pdf
d022a064-0bf7-48cf-a005-578f1bb17625,Docker para Desenvolvedores .NET - Aula 1,Conteúdo da aula 1 sobre docker para desenvolvedores .net.,11111111-1111-1111-1111-111111111010,https://materiais.schoolofrock.com/11111111-1111-1111-1111-111111111010/aula-1.pdf
c747feb4-426d-4bad-991e-927209bac869,Docker para Desenvolvedores .NET - Aula 2,Conteúdo da aula 2 sobre docker para desenvolvedores .net.,11111111-1111-1111-1111-111111111010,https://materiais.schoolofrock.com/11111111-1111-1111-1111-111111111010/aula-2.pdf
4794bc0f-55a2-4364-b30a-89ce7b2bb37e,Docker para Desenvolvedores .NET - Aula 3,Conteúdo da aula 3 sobre docker para desenvolvedores .net.,11111111-1111-1111-1111-111111111010,
8fdaf47b-5192-4af8-b965-b04150e1c3a7,Docker para Desenvolvedores .NET - Aula 4,Conteúdo da aula 4 sobre docker para desenvolvedores .net.,11111111-1111-1111-1111-111111111010,https://materiais.schoolofrock.com/11111111-1111-1111-1111-111111111010/aula-4.pdf
7c3d4b77-3025-4763-8a80-bff5c9e3953b,Docker para Desenvolvedores .NET - Aula 5,Conteúdo da aula 5 sobre docker para desenvolvedores .net.,11111111-1111-1111-1111-111111111010,https://materiais.schoolofrock.com/11111111-1111-1111-1111-111111111010/aula-5.pdf
4df5bcf4-c0cf-46cb-aa7e-2bac169d282a,Docker para Desenvolvedores .NET - Aula 6,Conteúdo da aula 6 sobre docker para desenvolvedores .net.,11111111-1111-1111-1111-111111111010,
9195aa2b-858c-49b3-a6e1-99d40550150e,Docker para Desenvolvedores .NET - Aula 7,Conteúdo da aula 7 sobre docker para desenvolvedores .net.,11111111-1111-1111-1111-111111111010,https://materiais.schoolofrock.com/11111111-1111-1111-1111-111111111010/aula-7.pdf
d00af838-46fc-4325-83a0-0e230d9573e7,Docker para Desenvolvedores .NET - Aula 8,Conteúdo da aula 8 sobre docker para desenvolvedores .net.,11111111-1111-1111-1111-111111111010,https://materiais.schoolofrock.com/11111111-1111-1111-1111-111111111010/aula-8.pdf
50236cb5-a22d-43de-b914-d338b8f93eda,Docker para Desenvolvedores .NET - Aula 9,Conteúdo da aula 9 sobre docker para desenvolvedores .net.,11111111-1111-1111-1111-111111111010,https://materiais.schoolofrock.com/11111111-1111-1111-1111-111111111010/aula-9.pdf
a193fabf-afab-4185-a53f-0b93348bc233,Docker para Desenvolvedores .NET - Aula 10,Conteúdo da aula 10 sobre docker para desenvolvedores .net.,11111111-1111-1111-1111-111111111010,https://materiais.schoolofrock.com/11111111-1111-1111-1111-111111111010/aula-10.pdf
1201299b-ba09-481a-9a77-09bf45965637,Docker para Desenvolvedores .NET - Aula 11,Conteúdo da aula 11 sobre docker para desenvolvedores .net.,11111111-1111-1111-1111-111111111010,https://materiais.schoolofrock.com/11111111-1111-1111-1111-111111111010/aula-11.pdf
792efccd-f779-4e23-af55-0d82da6d179d,Docker para Desenvolvedores .NET - Aula 12,Conteúdo da aula 12 sobre docker para desenvolvedores .net.,11111111-1111-1111-1111-111111111010,
215517d2-1068-4d12-a1ab-20fbcacc0c1f,Docker para Desenvolvedores .NET - Aula 13,Conteúdo da aula 13 sobre docker para desenvolvedores .net.,11111111-1111-1111-1111-111111111010,https://materiais.schoolofrock.com/11111111-1111-1111-1111-111111111010/aula-13.pdf
902b8303-e048-4552-9375-7bbfdaa5dfcd,Docker para Desenvolvedores .NET - Aula 14,Conteúdo da aula 14 sobre docker para desenvolvedores .net.,11111111-1111-1111-1111-111111111010,https://materiais.schoolofrock.com/11111111-1111-1111-1111-111111111010/aula-14.pdf
b0a3c1b6-fb6c-499f-a046-134f8959d311,Docker para Desenvolvedores .NET - Aula 15,Conteúdo da aula 15 sobre docker para desenvolvedores .net.,11111111-1111-1111-1111-111111111010,https://materiais.schoolofrock.com/11111111-1111-1111-1111-111111111010/aula-15.pdf
d97954ec-0686-4419-9da6-2d500e54021a,Docker para Desenvolvedores .NET - Aula 16,Conteúdo da aula 16 sobre docker para desenvolvedores .net.,11111111-1111-1111-1111-111111111010,https://materiais.schoolofrock.com/11111111-1111-1111-1111-111111111010/aula-16.pdf
776df92f-05aa-441a-a4bc-c6d9aa8ab25a,Docker para Desenvolvedores .NET - Aula 17,Conteúdo da aula 17 sobre docker para desenvolvedores .net.,11111111-1111-1111-1111-111111111010,https://materiais.schoolofrock.com/11111111-1111-1111-1111-111111111010/aula-17.pdf
933939ea-07b6-4fb0-9cf4-31d6814807e7,Docker para Desenvolvedores .NET - Aula 18,Conteúdo da aula 18 sobre docker para desenvolvedores .net.,11111111-1111-1111-1111-111111111010,
94e39e23-faed-4e66-b3a7-61e08353ef0f,Docker para Desenvolvedores .NET - Aula 19,Conteúdo da aula 19 sobre docker para desenvolvedores .net.,11111111-1111-1111-1111-111111111010,https://materiais.schoolofrock.com/11111111-1111-1111-1111-111111111010/aula-19.pdf
32148f85-1440-4a8d-9292-dcdb8ca5077a,Docker para Desenvolvedores .NET - Aula 20,Conteúdo da aula 20 sobre docker para desenvolvedores .net.,11111111-1111-1111-1111-111111111010,https://materiais.schoolofrock.com/11111111-1111-1111-1111-111111111010/aula-20.pdf
450fa31e-1c0d-43b0-9e0a-fc6a69551146,Introdução a Redes de Computadores - Aula 1,Conteúdo da aula 1 sobre introdução a redes de computadores.,11111111-1111-1111-1111-111111111011,
b8d26401-5a0a-4e13-b60c-d1451f8a6ad6,Introdução a Redes de Computadores - Aula 2,Conteúdo da aula 2 sobre introdução a redes de computadores.,11111111-1111-1111-1111-111111111011,
15318752-d025-4e93-b501-c659b2ef89d3,Introdução a Redes de Computadores - Aula 3,Conteúdo da aula 3 sobre introdução a redes de computadores.,11111111-1111-1111-1111-111111111011,https://materiais.schoolofrock.com/11111111-1111-1111-1111-111111111011/aula-3.pdf
85938029-087a-4075-9986-b1c849024a2f,Introdução a Redes de Computadores - Aula 4,Conteúdo da aula 4 sobre introdução a redes de computadores.,11111111-1111-1111-1111-111111111011,
36732878-6b0b-4027-ae28-58ba686975da,Introdução a Redes de Computadores - Aula 5,Conteúdo da aula 5 sobre introdução a redes de computadores.,11111111-1111-1111-1111-111111111011,https://materiais.schoolofrock.com/11111111-1111-1111-1111-111111111011/aula-5.pdf
dd79ebfc-f995-466b-8ef4-eba7f7ddebc8,Introdução a Redes de Computadores - Aula 6,Conteúdo da aula 6 sobre introdução a redes de computadores.,11111111-1111-1111-1111-111111111011,https://materiais.schoolofrock.com/11111111-1111-1111-1111-111111111011/aula-6.pdf
d3d4552f-0a4d-415d-9ad7-25de88791020,Introdução a Redes de Computadores - Aula 7,Conteúdo da aula 7 sobre introdução a redes de computadores.,11111111-1111-1111-1111-111111111011,https://materiais.schoolofrock.com/11111111-1111-1111-1111-111111111011/aula-7.pdf
28cf6b84-a784-4c4e-8be9-2e7fa7b60c81,Introdução a Redes de Computadores - Aula 8,Conteúdo da aula 8 sobre introdução a redes de computadores.,11111111-1111-1111-1111-111111111011,https://materiais.schoolofrock.com/11111111-1111-1111-1111-111111111011/aula-8.pdf
3632314d-3f6c-415c-af53-e04e635a6006,Introdução a Redes de Computadores - Aula 9,Conteúdo da aula 9 sobre introdução a redes de computadores.,11111111-1111-1111-1111-111111111011,https://materiais.schoolofrock.com/11111111-1111-1111-1111-111111111011/aula-9.pdf
a9980386-8975-4bf3-aeb2-84cf0b21368e,Introdução a Redes de Computadores - Aula 10,Conteúdo da aula 10 sobre introdução a redes de computadores.,11111111-1111-1111-1111-111111111011,
e0b5f359-e0d8-4d1e-b158-b2fc58c59ce1,Introdução a Redes de Computadores - Aula 11,Conteúdo da aula 11 sobre introdução a redes de computadores.,11111111-1111-1111-1111-111111111011,
8b797765-e43f-4e8b-93e1-798a3c8252ba,Introdução a Redes de Computadores - Aula 12,Conteúdo da aula 12 sobre introdução a redes de computadores.,11111111-1111-1111-1111-111111111011,https://materiais.schoolofrock.com/11111111-1111-1111-1111-111111111011/aula-12.pdf
1d04c6c9-1a3f-401a-9e60-66cfdb718b21,Introdução a Redes de Computadores - Aula 13,Conteúdo da aula 13 sobre introdução a redes de computadores.,11111111-1111-1111-1111-111111111011,https://materiais.schoolofrock.com/11111111-1111-1111-1111-111111111011/aula-13.pdf
cd48f4dd-c88d-4612-b433-50b7ee62f8e9,Introdução a Redes de Computadores - Aula 14,Conteúdo da aula 14 sobre introdução a redes de computadores.,11111111-1111-1111-1111-111111111011,https://materiais.schoolofrock.com/11111111-1111-1111-1111-111111111011/aula-14.pdf
461b20f1-fea8-4c3c-9eb3-a13f19a9a2dc,Introdução a Redes de Computadores - Aula 15,Conteúdo da aula 15 sobre introdução a redes de computadores.,11111111-1111-1111-1111-111111111011,
5f9366e1-0eae-4cb0-aa9f-3288efc9cb4c,Introdução a Redes de Computadores - Aula 16,Conteúdo da aula 16 sobre introdução a redes de computadores.,11111111-1111-1111-1111-111111111011,https://materiais.schoolofrock.com/11111111-1111-1111-1111-111111111011/aula-16.pdf
21eed97b-0656-4798-8f5c-a326645e7852,Introdução a Redes de Computadores - Aula 17,Conteúdo da aula 17 sobre introdução a redes de computadores.,11111111-1111-1111-1111-111111111011,
ea7d7e09-755a-42a0-a78c-5250036d57d9,Introdução a Redes de Computadores - Aula 18,Conteúdo da aula 18 sobre introdução a redes de computadores.,11111111-1111-1111-1111-111111111011,https://materiais.schoolofrock.com/11111111-1111-1111-1111-111111111011/aula-18.pdf
55fab3d3-c5e1-421e-bff9-3b9dfbb38748,Introdução a Redes de Computadores - Aula 19,Conteúdo da aula 19 sobre introdução a redes de computadores.,11111111-1111-1111-1111-111111111011,https://materiais.schoolofrock.com/11111111-1111-1111-1111-111111111011/aula-19.pdf
51f03963-540b-47b9-9160-d625961c7ef9,Introdução a Redes de Computadores - Aula 20,Conteúdo da aula 20 sobre introdução a redes de computadores.,11111111-1111-1111-1111-111111111011,
22896f71-20e9-48a9-9be0-fee2939486c2,Segurança em Aplicações Web - Aula 1,Conteúdo da aula 1 sobre segurança em aplicações web.,11111111-1111-1111-1111-111111111012,https://materiais.schoolofrock.com/11111111-1111-1111-1111-111111111012/aula-1.pdf
7b94addb-66a3-44b8-aa3d-dacc11d71d35,Segurança em Aplicações Web - Aula 2,Conteúdo da aula 2 sobre segurança em aplicações web.,11111111-1111-1111-1111-111111111012,
a15588f9-d1de-4917-bb60-7bb40bc42ab1,Segurança em Aplicações Web - Aula 3,Conteúdo da aula 3 sobre segurança em aplicações web.,11111111-1111-1111-1111-111111111012,https://materiais.schoolofrock.com/11111111-1111-1111-1111-111111111012/aula-3.pdf
3e339268-a1a0-4290-b5bb-b3e1c6be4d45,Segurança em Aplicações Web - Aula 4,Conteúdo da aula 4 sobre segurança em aplicações web.,11111111-1111-1111-1111-111111111012,https://materiais.schoolofrock.com/11111111-1111-1111-1111-111111111012/aula-4.pdf
9b7a96ad-e5d4-4f5f-b592-72c6757f5272,Segurança em Aplicações Web - Aula 5,Conteúdo da aula 5 sobre segurança em aplicações web.,11111111-1111-1111-1111-111111111012,https://materiais.schoolofrock.com/11111111-1111-1111-1111-111111111012/aula-5.pdf
c0a5a031-beed-43f9-ba71-0e593093115e,Segurança em Aplicações Web - Aula 6,Conteúdo da aula 6 sobre segurança em aplicações web.,11111111-1111-1111-1111-111111111012,
d8e89289-7ae2-4560-a75d-603ff74b8ffb,Segurança em Aplicações Web - Aula 7,Conteúdo da aula 7 sobre segurança em aplicações web.,11111111-1111-1111-1111-111111111012,https://materiais.schoolofrock.com/11111111-1111-1111-1111-111111111012/aula-7.pdf
6837c91d-ab89-430f-a483-49e6044645bd,Segurança em Aplicações Web - Aula 8,Conteúdo da aula 8 sobre segurança em aplicações web.,11111111-1111-1111-1111-111111111012,https://materiais.schoolofrock.com/11111111-1111-1111-1111-111111111012/aula-8.pdf
afdb2443-7d0a-4602-90b7-381a5d582cb0,Segurança em Aplicações Web - Aula 9,Conteúdo da aula 9 sobre segurança em aplicações web.,11111111-1111-1111-1111-111111111012,https://materiais.schoolofrock.com/11111111-1111-1111-1111-111111111012/aula-9.pdf
7eb343c9-8289-408b-8c77-3360b317ca95,Segurança em Aplicações Web - Aula 10,Conteúdo da aula 10 sobre segurança em aplicações web.,11111111-1111-1111-1111-111111111012,https://materiais.schoolofrock.com/11111111-1111-1111-1111-111111111012/aula-10.pdf
c9751eb6-8be4-45ca-ae78-66d08f7546eb,Segurança em Aplicações Web - Aula 11,Conteúdo da aula 11 sobre segurança em aplicações web.,11111111-1111-1111-1111-111111111012,https://materiais.schoolofrock.com/11111111-1111-1111-1111-111111111012/aula-11.pdf
0c464481-00ec-4bed-808b-3f53263f85b9,Segurança em Aplicações Web - Aula 12,Conteúdo da aula 12 sobre segurança em aplicações web.,11111111-1111-1111-1111-111111111012,https://materiais.schoolofrock.com/11111111-1111-1111-1111-111111111012/aula-12.pdf
e43577df-5e0e-48c5-b763-de93456df71c,Segurança em Aplicações Web - Aula 13,Conteúdo da aula 13 sobre segurança em aplicações web.,11111111-1111-1111-1111-111111111012,
01592435-6611-4cec-9f37-a1248ed375c4,Segurança em Aplicações Web - Aula 14,Conteúdo da aula 14 sobre segurança em aplicações web.,11111111-1111-1111-1111-111111111012,https://materiais.schoolofrock.com/11111111-1111-1111-1111-111111111012/aula-14.pdf
0ee4b70d-aaa4-4c35-b75e-ae574a53ce7a,Segurança em Aplicações Web - Aula 15,Conteúdo da aula 15 sobre segurança em aplicações web.,11111111-1111-1111-1111-111111111012,https://materiais.schoolofrock.com/11111111-1111-1111-1111-111111111012/aula-15.pdf
5a7823f7-d0b9-4369-b1a2-a4d77a517f71,Segurança em Aplicações Web - Aula 16,Conteúdo da aula 16 sobre segurança em aplicações web.,11111111-1111-1111-1111-111111111012,
4babb99d-d2aa-425a-a76a-7366d9e7880a,Segurança em Aplicações Web - Aula 17,Conteúdo da aula 17 sobre segurança em aplicações web.,11111111-1111-1111-1111-111111111012,https://materiais.schoolofrock.com/11111111-1111-1111-1111-111111111012/aula-17.pdf
a674a4c2-bf58-40d8-8e9a-c416cadc22b5,Segurança em Aplicações Web - Aula 18,Conteúdo da aula 18 sobre segurança em aplicações web.,11111111-1111-1111-1111-111111111012,https://materiais.schoolofrock.com/11111111-1111-1111-1111-111111111012/aula-18.pdf
31ba9bc1-d6a7-4419-b795-f2c7d29e9612,Segurança em Aplicações Web - Aula 19,Conteúdo da aula 19 sobre segurança em aplicações web.,11111111-1111-1111-1111-111111111012,https://materiais.schoolofrock.com/11111111-1111-1111-1111-111111111012/aula-19.pdf
08005a57-4928-494d-8549-16344c293442,Segurança em Aplicações Web - Aula 20,Conteúdo da aula 20 sobre segurança em aplicações web.,11111111-1111-1111-1111-111111111012,https://materiais.schoolofrock.com/11111111-1111-1111-1111-111111111012/aula-20.pdf
b19723fd-5736-4295-b07e-b895090a0f71,Arquitetura de Software com DDD - Aula 1,Conteúdo da aula 1 sobre arquitetura de software com ddd.,11111111-1111-1111-1111-111111111013,https://materiais.schoolofrock.com/11111111-1111-1111-1111-111111111013/aula-1.pdf
5439804d-5762-4245-bfcd-c72d1495fbcb,Arquitetura de Software com DDD - Aula 2,Conteúdo da aula 2 sobre arquitetura de software com ddd.,11111111-1111-1111-1111-111111111013,
69e62999-f545-45c2-b988-8f6b10a70e86,Arquitetura de Software com DDD - Aula 3,Conteúdo da aula 3 sobre arquitetura de software com ddd.,11111111-1111-1111-1111-111111111013,https://materiais.schoolofrock.com/11111111-1111-1111-1111-111111111013/aula-3.pdf
4b68e550-7b49-43df-a6a5-8bf0e07ea054,Arquitetura de Software com DDD - Aula 4,Conteúdo da aula 4 sobre arquitetura de software com ddd.,11111111-1111-1111-1111-111111111013,https://materiais.schoolofrock.com/11111111-1111-1111-1111-111111111013/aula-4.pdf
e4fa74b3-81d6-47a0-84f0-868448758307,Arquitetura de Software com DDD - Aula 5,Conteúdo da aula 5 sobre arquitetura de software com ddd.,11111111-1111-1111-1111-111111111013,
481ff2d0-7feb-4f3b-a861-2e70f1925cb3,Arquitetura de Software com DDD - Aula 6,Conteúdo da aula 6 sobre arquitetura de software com ddd.,11111111-1111-1111-1111-111111111013,https://materiais.schoolofrock.com/11111111-1111-1111-1111-111111111013/aula-6.pdf
c3c89906-590c-4dd0-9eaa-a9203cbdd54f,Arquitetura de Software com DDD - Aula 7,Conteúdo da aula 7 sobre arquitetura de software com ddd.,11111111-1111-1111-1111-111111111013,https://materiais.schoolofrock.com/11111111-1111-1111-1111-111111111013/aula-7.pdf
5d8dbc77-c770-4db0-a524-77f06b07cc62,Arquitetura de Software com DDD - Aula 8,Conteúdo da aula 8 sobre arquitetura de software com ddd.,11111111-1111-1111-1111-111111111013,
b9a8b3ac-24df-44c7-aed2-fa54e364a54f,Arquitetura de Software com DDD - Aula 9,Conteúdo da aula 9 sobre arquitetura de software com ddd.,11111111-1111-1111-1111-111111111013,https://materiais.schoolofrock.com/11111111-1111-1111-1111-111111111013/aula-9.pdf
4be748af-bfa6-45a0-8106-2a86727555e7,Arquitetura de Software com DDD - Aula 10,Conteúdo da aula 10 sobre arquitetura de software com ddd.,11111111-1111-1111-1111-111111111013,
e6dc5972-3a1d-48fe-838e-edd2f7277aef,Arquitetura de Software com DDD - Aula 11,Conteúdo da aula 11 sobre arquitetura de software com ddd.,11111111-1111-1111-1111-111111111013,https://materiais.schoolofrock.com/11111111-1111-1111-1111-111111111013/aula-11.pdf
a96e9403-86d6-4862-83f9-df70d905d255,Arquitetura de Software com DDD - Aula 12,Conteúdo da aula 12 sobre arquitetura de software com ddd.,11111111-1111-1111-1111-111111111013,https://materiais.schoolofrock.com/11111111-1111-1111-1111-111111111013/aula-12.pdf
510b16b4-5521-4b0e-928e-9e334476caf0,Arquitetura de Software com DDD - Aula 13,Conteúdo da aula 13 sobre arquitetura de software com ddd.,11111111-1111-1111-1111-111111111013,https://materiais.schoolofrock.com/11111111-1111-1111-1111-111111111013/aula-13.pdf
4b4ac63e-e45b-4320-b91f-bac5eaf51ab2,Arquitetura de Software com DDD - Aula 14,Conteúdo da aula 14 sobre arquitetura de software com ddd.,11111111-1111-1111-1111-111111111013,
a754daca-ad3a-4f39-b240-d29fd1795330,Arquitetura de Software com DDD - Aula 15,Conteúdo da aula 15 sobre arquitetura de software com ddd.,11111111-1111-1111-1111-111111111013,https://materiais.schoolofrock.com/11111111-1111-1111-1111-111111111013/aula-15.pdf
faa7fcda-5e80-44ec-921c-8e1e1be5069d,Arquitetura de Software com DDD - Aula 16,Conteúdo da aula 16 sobre arquitetura de software com ddd.,11111111-1111-1111-1111-111111111013,
7a575d40-221e-46d5-ba69-865748b59aa3,Arquitetura de Software com DDD - Aula 17,Conteúdo da aula 17 sobre arquitetura de software com ddd.,11111111-1111-1111-1111-111111111013,https://materiais.schoolofrock.com/11111111-1111-1111-1111-111111111013/aula-17.pdf
9b4e79b4-1557-4aa0-817a-2fce5b4fc463,Arquitetura de Software com DDD - Aula 18,Conteúdo da aula 18 sobre arquitetura de software com ddd.,11111111-1111-1111-1111-111111111013,https://materiais.schoolofrock.com/11111111-1111-1111-1111-111111111013/aula-18.pdf
f5748eb7-3ab7-4f19-aba0-8810077d508c,Arquitetura de Software com DDD - Aula 19,Conteúdo da aula 19 sobre arquitetura de software com ddd.,11111111-1111-1111-1111-111111111013,https://materiais.schoolofrock.com/11111111-1111-1111-1111-111111111013/aula-19.pdf
bf1bbc2e-171c-484c-a6e7-ad6d3601167d,Arquitetura de Software com DDD - Aula 20,Conteúdo da aula 20 sobre arquitetura de software com ddd.,11111111-1111-1111-1111-111111111013,https://materiais.schoolofrock.com/11111111-1111-1111-1111-111111111013/aula-20.pdf
4b434879-737f-41dc-9294-e35d98ad389f,Blazor WebAssembly - Aula 1,Conteúdo da aula 1 sobre blazor webassembly.,11111111-1111-1111-1111-111111111014,
54eb5470-ce49-4843-8e79-4b2091e075ef,Blazor WebAssembly - Aula 2,Conteúdo da aula 2 sobre blazor webassembly.,11111111-1111-1111-1111-111111111014,https://materiais.schoolofrock.com/11111111-1111-1111-1111-111111111014/aula-2.pdf
02420afe-5df7-486c-80a8-aa8c15f6d200,Blazor WebAssembly - Aula 3,Conteúdo da aula 3 sobre blazor webassembly.,11111111-1111-1111-1111-111111111014,https://materiais.schoolofrock.com/11111111-1111-1111-1111-111111111014/aula-3.pdf
ca7614c8-51df-417a-adbe-b063835b6350,Blazor WebAssembly - Aula 4,Conteúdo da aula 4 sobre blazor webassembly.,11111111-1111-1111-1111-111111111014,https://materiais.schoolofrock.com/11111111-1111-1111-1111-111111111014/aula-4.pdf
60e058c5-f5e9-4ed7-a977-fc38593b4837,Blazor WebAssembly - Aula 5,Conteúdo da aula 5 sobre blazor webassembly.,11111111-1111-1111-1111-111111111014,https://materiais.schoolofrock.com/11111111-1111-1111-1111-111111111014/aula-5.pdf
f8377564-3610-47d9-8008-6dda2dba8c4a,Blazor WebAssembly - Aula 6,Conteúdo da aula 6 sobre blazor webassembly.,11111111-1111-1111-1111-111111111014,https://materiais.schoolofrock.com/11111111-1111-1111-1111-111111111014/aula-6.pdf
5d8b52b3-2fcb-4c2f-84b2-e0c9231f451e,Blazor WebAssembly - Aula 7,Conteúdo da aula 7 sobre blazor webassembly.,11111111-1111-1111-1111-111111111014,https://materiais.schoolofrock.com/11111111-1111-1111-1111-111111111014/aula-7.pdf
ddee58ca-aa2b-46ba-9f3d-1edf55f95b2f,Blazor WebAssembly - Aula 8,Conteúdo da aula 8 sobre blazor webassembly.,11111111-1111-1111-1111-111111111014,https://materiais.schoolofrock.com/11111111-1111-1111-1111-111111111014/aula-8.pdf
a951ff81-4215-4c9e-9f73-4ab29ef5bc4c,Blazor WebAssembly - Aula 9,Conteúdo da aula 9 sobre blazor webassembly.,11111111-1111-1111-1111-111111111014,https://materiais.schoolofrock.com/11111111-1111-1111-1111-111111111014/aula-9.pdf
018bc2b5-4ef6-469b-90f0-602288fee7c6,Blazor WebAssembly - Aula 10,Conteúdo da aula 10 sobre blazor webassembly.,11111111-1111-1111-1111-111111111014,https://materiais.schoolofrock.com/11111111-1111-1111-1111-111111111014/aula-10.pdf
12094150-a7f5-482a-b4aa-4b75186cbec6,Blazor WebAssembly - Aula 11,Conteúdo da aula 11 sobre blazor webassembly.,11111111-1111-1111-1111-111111111014,
220bf17c-18c6-4339-a730-14ecb77fbc6a,Blazor WebAssembly - Aula 12,Conteúdo da aula 12 sobre blazor webassembly.,11111111-1111-1111-1111-111111111014,https://materiais.schoolofrock.com/11111111-1111-1111-1111-111111111014/aula-12.pdf
69d72533-ff69-491c-8345-2ba1479df3a5,Blazor WebAssembly - Aula 13,Conteúdo da aula 13 sobre blazor webassembly.,11111111-1111-1111-1111-111111111014,https://materiais.schoolofrock.com/11111111-1111-1111-1111-111111111014/aula-13.pdf
f5f2fb96-de67-42bd-9ae5-c03dae1826e5,Blazor WebAssembly - Aula 14,Conteúdo da aula 14 sobre blazor webassembly.,11111111-1111-1111-1111-111111111014,https://materiais.schoolofrock.com/11111111-1111-1111-1111-111111111014/aula-14.pdf
b35c1d26-389e-4616-93a7-14de579a1525,Blazor WebAssembly - Aula 15,Conteúdo da aula 15 sobre blazor webassembly.,11111111-1111-1111-1111-111111111014,https://materiais.schoolofrock.com/11111111-1111-1111-1111-111111111014/aula-15.pdf
4e2cb117-6310-4b33-99d8-341b46612465,Blazor WebAssembly - Aula 16,Conteúdo da aula 16 sobre blazor webassembly.,11111111-1111-1111-1111-111111111014,https://materiais.schoolofrock.com/11111111-1111-1111-1111-111111111014/aula-16.pdf
efd88a96-c9b0-4dc5-9b70-64377f29d9d6,Blazor WebAssembly - Aula 17,Conteúdo da aula 17 sobre blazor webassembly.,11111111-1111-1111-1111-111111111014,
2c8fc09a-e0e7-46d7-bbc2-07935d0ba307,Blazor WebAssembly - Aula 18,Conteúdo da aula 18 sobre blazor webassembly.,11111111-1111-1111-1111-111111111014,https://materiais.schoolofrock.com/11111111-1111-1111-1111-111111111014/aula-18.pdf
e013563a-5eb3-442d-8d2e-8146861b9259,Blazor WebAssembly - Aula 19,Conteúdo da aula 19 sobre blazor webassembly.,11111111-1111-1111-1111-111111111014,https://materiais.schoolofrock.com/11111111-1111-1111-1111-111111111014/aula-19.pdf
3fc16878-d722-4400-991a-dc981d4453fd,Blazor WebAssembly - Aula 20,Conteúdo da aula 20 sobre blazor webassembly.,11111111-1111-1111-1111-111111111014,https://materiais.schoolofrock.com/11111111-1111-1111-1111-111111111014/aula-20.pdf
09a055d8-3c93-40cd-af64-9a4bd7cc90e4,Mensageria com RabbitMQ - Aula 1,Conteúdo da aula 1 sobre mensageria com rabbitmq.,11111111-1111-1111-1111-111111111015,https://materiais.schoolofrock.com/11111111-1111-1111-1111-111111111015/aula-1.pdf
1f178892-2201-455d-ad08-e793b12f79c2,Mensageria com RabbitMQ - Aula 2,Conteúdo da aula 2 sobre mensageria com rabbitmq.,11111111-1111-1111-1111-111111111015,https://materiais.schoolofrock.com/11111111-1111-1111-1111-111111111015/aula-2.pdf
25421308-751d-459d-840e-e48d0115d245,Mensageria com RabbitMQ - Aula 3,Conteúdo da aula 3 sobre mensageria com rabbitmq.,11111111-1111-1111-1111-111111111015,https://materiais.schoolofrock.com/11111111-1111-1111-1111-111111111015/aula-3.pdf
c80b9f03-4c56-44be-9be1-3dcb80af181c,Mensageria com RabbitMQ - Aula 4,Conteúdo da aula 4 sobre mensageria com rabbitmq.,11111111-1111-1111-1111-111111111015,https://materiais.schoolofrock.com/11111111-1111-1111-1111-111111111015/aula-4.pdf
f86a3fb9-e699-4a0d-abaf-0e73513e1c87,Mensageria com RabbitMQ - Aula 5,Conteúdo da aula 5 sobre mensageria com rabbitmq.,11111111-1111-1111-1111-111111111015,https://materiais.schoolofrock.com/11111111-1111-1111-1111-111111111015/aula-5.pdf
28a60367-718b-49c1-bad8-a55b52e96662,Mensageria com RabbitMQ - Aula 6,Conteúdo da aula 6 sobre mensageria com rabbitmq.,11111111-1111-1111-1111-111111111015,https://materiais.schoolofrock.com/11111111-1111-1111-1111-111111111015/aula-6.pdf
fb2736b3-9074-47c6-89ab-852a627dc338,Mensageria com RabbitMQ - Aula 7,Conteúdo da aula 7 sobre mensageria com rabbitmq.,11111111-1111-1111-1111-111111111015,https://materiais.schoolofrock.com/11111111-1111-1111-1111-111111111015/aula-7.pdf
ac24172a-f69a-4f66-ab6b-36d2d5d5c257,Mensageria com RabbitMQ - Aula 8,Conteúdo da aula 8 sobre mensageria com rabbitmq.,11111111-1111-1111-1111-111111111015,https://materiais.schoolofrock.com/11111111-1111-1111-1111-111111111015/aula-8.pdf
75072bb4-5b27-4289-87af-8ae392e89cbc,Mensageria com RabbitMQ - Aula 9,Conteúdo da aula 9 sobre mensageria com rabbitmq.,11111111-1111-1111-1111-111111111015,https://materiais.schoolofrock.com/11111111-1111-1111-1111-111111111015/aula-9.pdf
7aa1c550-6e92-410c-870a-a42dbb6816af,Mensageria com RabbitMQ - Aula 10,Conteúdo da aula 10 sobre mensageria com rabbitmq.,11111111-1111-1111-1111-111111111015,https://materiais.schoolofrock.com/11111111-1111-1111-1111-111111111015/aula-10.pdf
9188c5bd-83b9-4ebf-b6a7-a697b4182e6c,Mensageria com RabbitMQ - Aula 11,Conteúdo da aula 11 sobre mensageria com rabbitmq.,11111111-1111-1111-1111-111111111015,https://materiais.schoolofrock.com/11111111-1111-1111-1111-111111111015/aula-11.pdf
2681606f-17d2-4407-9f69-bc601e11b405,Mensageria com RabbitMQ - Aula 12,Conteúdo da aula 12 sobre mensageria com rabbitmq.,11111111-1111-1111-1111-111111111015,https://materiais.schoolofrock.com/11111111-1111-1111-1111-111111111015/aula-12.pdf
ef810d29-2fef-4e28-b8d3-46c1d2dff80d,Mensageria com RabbitMQ - Aula 13,Conteúdo da aula 13 sobre mensageria com rabbitmq.,11111111-1111-1111-1111-111111111015,https://materiais.schoolofrock.com/11111111-1111-1111-1111-111111111015/aula-13.pdf
37ecd8ea-1e9f-4514-9e7a-a3c54a2a1039,Mensageria com RabbitMQ - Aula 14,Conteúdo da aula 14 sobre mensageria com rabbitmq.,11111111-1111-1111-1111-111111111015,https://materiais.schoolofrock.com/11111111-1111-1111-1111-111111111015/aula-14.pdf
1e9a0954-65ef-4bb0-9501-3bf0eaa909db,Mensageria com RabbitMQ - Aula 15,Conteúdo da aula 15 sobre mensageria com rabbitmq.,11111111-1111-1111-1111-111111111015,https://materiais.schoolofrock.com/11111111-1111-1111-1111-111111111015/aula-15.pdf
33faa9ea-3c4b-4f6a-8819-289284960097,Mensageria com RabbitMQ - Aula 16,Conteúdo da aula 16 sobre mensageria com rabbitmq.,11111111-1111-1111-1111-111111111015,https://materiais.schoolofrock.com/11111111-1111-1111-1111-111111111015/aula-16.pdf
939a7341-76b2-4ca5-916f-bd2d68daeb5e,Mensageria com RabbitMQ - Aula 17,Conteúdo da aula 17 sobre mensageria com rabbitmq.,11111111-1111-1111-1111-111111111015,
7c67024e-9dc0-4b66-9b6f-478c0c0fe10c,Mensageria com RabbitMQ - Aula 18,Conteúdo da aula 18 sobre mensageria com rabbitmq.,11111111-1111-1111-1111-111111111015,
5561945e-0954-42b2-abe7-a590f0f37b62,Mensageria com RabbitMQ - Aula 19,Conteúdo da aula 19 sobre mensageria com rabbitmq.,11111111-1111-1111-1111-111111111015,https://materiais.schoolofrock.com/11111111-1111-1111-1111-111111111015/aula-19.pdf
8fa67712-616c-4339-9149-0daa660b6ff1,Mensageria com RabbitMQ - Aula 20,Conteúdo da aula 20 sobre mensageria com rabbitmq.,11111111-1111-1111-1111-111111111015,https://materiais.schoolofrock.com/11111111-1111-1111-1111-111111111015/aula-20.pdf
f742578a-5ff9-4010-9250-0b959d9f008c,Azure DevOps e Pipelines - Aula 1,Conteúdo da aula 1 sobre azure devops e pipelines.,11111111-1111-1111-1111-111111111016,https://materiais.schoolofrock.com/11111111-1111-1111-1111-111111111016/aula-1.pdf
e733e64a-eb4f-4261-b9fd-3351be1a1d22,Azure DevOps e Pipelines - Aula 2,Conteúdo da aula 2 sobre azure devops e pipelines.,11111111-1111-1111-1111-111111111016,https://materiais.schoolofrock.com/11111111-1111-1111-1111-111111111016/aula-2.pdf
d9496684-c15c-4ea9-bb51-3a11c19cf4a8,Azure DevOps e Pipelines - Aula 3,Conteúdo da aula 3 sobre azure devops e pipelines.,11111111-1111-1111-1111-111111111016,
75d33050-1ec6-4f13-8522-3d1b171fcfef,Azure DevOps e Pipelines - Aula 4,Conteúdo da aula 4 sobre azure devops e pipelines.,11111111-1111-1111-1111-111111111016,https://materiais.schoolofrock.com/11111111-1111-1111-1111-111111111016/aula-4.pdf
8f507be0-3439-4c8a-8629-ea969bce3575,Azure DevOps e Pipelines - Aula 5,Conteúdo da aula 5 sobre azure devops e pipelines.,11111111-1111-1111-1111-111111111016,
62c9ab8f-5f27-4188-b880-872e5d7be48d,Azure DevOps e Pipelines - Aula 6,Conteúdo da aula 6 sobre azure devops e pipelines.,11111111-1111-1111-1111-111111111016,https://materiais.schoolofrock.com/11111111-1111-1111-1111-111111111016/aula-6.pdf
bccd671c-b6ad-4e0d-aba9-b5fd4592f9c7,Azure DevOps e Pipelines - Aula 7,Conteúdo da aula 7 sobre azure devops e pipelines.,11111111-1111-1111-1111-111111111016,https://materiais.schoolofrock.com/11111111-1111-1111-1111-111111111016/aula-7.pdf
25479c05-7c8d-4236-b5cb-55a685b699ac,Azure DevOps e Pipelines - Aula 8,Conteúdo da aula 8 sobre azure devops e pipelines.,11111111-1111-1111-1111-111111111016,https://materiais.schoolofrock.com/11111111-1111-1111-1111-111111111016/aula-8.pdf
d87d59b6-52dd-4c8d-8e9d-d56d91fc11df,Azure DevOps e Pipelines - Aula 9,Conteúdo da aula 9 sobre azure devops e pipelines.,11111111-1111-1111-1111-111111111016,https://materiais.schoolofrock.com/11111111-1111-1111-1111-111111111016/aula-9.pdf
429bbbda-379c-4718-8029-3db16aaebb70,Azure DevOps e Pipelines - Aula 10,Conteúdo da aula 10 sobre azure devops e pipelines.,11111111-1111-1111-1111-111111111016,https://materiais.schoolofrock.com/11111111-1111-1111-1111-111111111016/aula-10.pdf
79cdc7d8-86fc-4d72-af27-2559ec8e549b,Azure DevOps e Pipelines - Aula 11,Conteúdo da aula 11 sobre azure devops e pipelines.,11111111-1111-1111-1111-111111111016,https://materiais.schoolofrock.com/11111111-1111-1111-1111-111111111016/aula-11.pdf
e647a68e-a613-4cd5-a260-3fcb97bbe3b1,Azure DevOps e Pipelines - Aula 12,Conteúdo da aula 12 sobre azure devops e pipelines.,11111111-1111-1111-1111-111111111016,https://materiais.schoolofrock.com/11111111-1111-1111-1111-111111111016/aula-12.pdf
ee3797a6-b1b0-4c54-8e99-ffb0d8bc1205,Azure DevOps e Pipelines - Aula 13,Conteúdo da aula 13 sobre azure devops e pipelines.,11111111-1111-1111-1111-111111111016,https://materiais.schoolofrock.com/11111111-1111-1111-1111-111111111016/aula-13.pdf
7eb4320d-16d2-40b2-8c41-e2040eb850ee,Azure DevOps e Pipelines - Aula 14,Conteúdo da aula 14 sobre azure devops e pipelines.,11111111-1111-1111-1111-111111111016,
c647b5db-724d-4c7a-92f5-9fe2b5ccc8f5,Azure DevOps e Pipelines - Aula 15,Conteúdo da aula 15 sobre azure devops e pipelines.,11111111-1111-1111-1111-111111111016,
f4c6e913-d4ae-4e61-9556-1c4fe7eebe42,Azure DevOps e Pipelines - Aula 16,Conteúdo da aula 16 sobre azure devops e pipelines.,11111111-1111-1111-1111-111111111016,https://materiais.schoolofrock.com/11111111-1111-1111-1111-111111111016/aula-16.pdf
ee35f6c2-9663-4461-bdb4-d97a1971e745,Azure DevOps e Pipelines - Aula 17,Conteúdo da aula 17 sobre azure devops e pipelines.,11111111-1111-1111-1111-111111111016,https://materiais.schoolofrock.com/11111111-1111-1111-1111-111111111016/aula-17.pdf
1a0f21de-c118-41ca-832d-f72fa4e40e7c,Azure DevOps e Pipelines - Aula 18,Conteúdo da aula 18 sobre azure devops e pipelines.,11111111-1111-1111-1111-111111111016,https://materiais.schoolofrock.com/11111111-1111-1111-1111-111111111016/aula-18.pdf
1c24767c-e5cf-419e-9945-2b8ca71fe98b,Azure DevOps e Pipelines - Aula 19,Conteúdo da aula 19 sobre azure devops e pipelines.,11111111-1111-1111-1111-111111111016,https://materiais.schoolofrock.com/11111111-1111-1111-1111-111111111016/aula-19.pdf
4aff20e1-5cb3-4003-b0a0-b95fd1bea6dd,Azure DevOps e Pipelines - Aula 20,Conteúdo da aula 20 sobre azure devops e pipelines.,11111111-1111-1111-1111-111111111016,https://materiais.schoolofrock.com/11111111-1111-1111-1111-111111111016/aula-20.pdf
be0be556-225c-447e-aff3-caf99b85d505,Inteligência Artificial para Devs - Aula 1,Conteúdo da aula 1 sobre inteligência artificial para devs.,11111111-1111-1111-1111-111111111017,https://materiais.schoolofrock.com/11111111-1111-1111-1111-111111111017/aula-1.pdf
eddb4a9d-aed5-42c9-b244-7a54aaa6ec59,Inteligência Artificial para Devs - Aula 2,Conteúdo da aula 2 sobre inteligência artificial para devs.,11111111-1111-1111-1111-111111111017,
0a2d4f6b-8ec1-4248-bdb2-ab0222411987,Inteligência Artificial para Devs - Aula 3,Conteúdo da aula 3 sobre inteligência artificial para devs.,11111111-1111-1111-1111-111111111017,https://materiais.schoolofrock.com/11111111-1111-1111-1111-111111111017/aula-3.pdf
d113836f-c92a-4d80-89eb-02fb3b70806d,Inteligência Artificial para Devs - Aula 4,Conteúdo da aula 4 sobre inteligência artificial para devs.,11111111-1111-1111-1111-111111111017,
2ca0cfbe-be29-4712-8a53-97baf2ba3302,Inteligência Artificial para Devs - Aula 5,Conteúdo da aula 5 sobre inteligência artificial para devs.,11111111-1111-1111-1111-111111111017,https://materiais.schoolofrock.com/11111111-1111-1111-1111-111111111017/aula-5.pdf
dfedcc37-3ea4-4f25-b587-36cfea46628b,Inteligência Artificial para Devs - Aula 6,Conteúdo da aula 6 sobre inteligência artificial para devs.,11111111-1111-1111-1111-111111111017,https://materiais.schoolofrock.com/11111111-1111-1111-1111-111111111017/aula-6.pdf
9f3c8ea2-3023-4579-9f0f-41417cfcdafd,Inteligência Artificial para Devs - Aula 7,Conteúdo da aula 7 sobre inteligência artificial para devs.,11111111-1111-1111-1111-111111111017,https://materiais.schoolofrock.com/11111111-1111-1111-1111-111111111017/aula-7.pdf
492c2ebc-edca-494f-bbff-dc1548a0b3cf,Inteligência Artificial para Devs - Aula 8,Conteúdo da aula 8 sobre inteligência artificial para devs.,11111111-1111-1111-1111-111111111017,https://materiais.schoolofrock.com/11111111-1111-1111-1111-111111111017/aula-8.pdf
aac132ec-79bf-4724-ae71-1ad71c9331f7,Inteligência Artificial para Devs - Aula 9,Conteúdo da aula 9 sobre inteligência artificial para devs.,11111111-1111-1111-1111-111111111017,https://materiais.schoolofrock.com/11111111-1111-1111-1111-111111111017/aula-9.pdf
b5c8ce0f-e570-40f1-aabd-0013fd31f091,Inteligência Artificial para Devs - Aula 10,Conteúdo da aula 10 sobre inteligência artificial para devs.,11111111-1111-1111-1111-111111111017,https://materiais.schoolofrock.com/11111111-1111-1111-1111-111111111017/aula-10.pdf
43112137-a6c6-4777-b9a1-96f2dc875e1f,Inteligência Artificial para Devs - Aula 11,Conteúdo da aula 11 sobre inteligência artificial para devs.,11111111-1111-1111-1111-111111111017,https://materiais.schoolofrock.com/11111111-1111-1111-1111-111111111017/aula-11.pdf
afc3a62b-1626-4293-89ac-153dedccd485,Inteligência Artificial para Devs - Aula 12,Conteúdo da aula 12 sobre inteligência artificial para devs.,11111111-1111-1111-1111-111111111017,https://materiais.schoolofrock.com/11111111-1111-1111-1111-111111111017/aula-12.pdf
14b0073c-a892-4a0b-a818-f790c34430a3,Inteligência Artificial para Devs - Aula 13,Conteúdo da aula 13 sobre inteligência artificial para devs.,11111111-1111-1111-1111-111111111017,https://materiais.schoolofrock.com/11111111-1111-1111-1111-111111111017/aula-13.pdf
90627e99-675c-4643-9f59-71692a55f441,Inteligência Artificial para Devs - Aula 14,Conteúdo da aula 14 sobre inteligência artificial para devs.,11111111-1111-1111-1111-111111111017,https://materiais.schoolofrock.com/11111111-1111-1111-1111-111111111017/aula-14.pdf
26fe2ab9-3d26-4886-b9b5-887cf618d4ec,Inteligência Artificial para Devs - Aula 15,Conteúdo da aula 15 sobre inteligência artificial para devs.,11111111-1111-1111-1111-111111111017,https://materiais.schoolofrock.com/11111111-1111-1111-1111-111111111017/aula-15.pdf
9a412e19-1534-4be3-b080-5e859737ace0,Inteligência Artificial para Devs - Aula 16,Conteúdo da aula 16 sobre inteligência artificial para devs.,11111111-1111-1111-1111-111111111017,
52f3a0a0-fb89-42ed-a1c5-c52299232fbc,Inteligência Artificial para Devs - Aula 17,Conteúdo da aula 17 sobre inteligência artificial para devs.,11111111-1111-1111-1111-111111111017,https://materiais.schoolofrock.com/11111111-1111-1111-1111-111111111017/aula-17.pdf
13e95636-425a-4827-954f-af390648ad00,Inteligência Artificial para Devs - Aula 18,Conteúdo da aula 18 sobre inteligência artificial para devs.,11111111-1111-1111-1111-111111111017,
63c14062-83ed-48d9-960b-8f74d46607ec,Inteligência Artificial para Devs - Aula 19,Conteúdo da aula 19 sobre inteligência artificial para devs.,11111111-1111-1111-1111-111111111017,https://materiais.schoolofrock.com/11111111-1111-1111-1111-111111111017/aula-19.pdf
8faf17f4-c193-41ff-9338-c1e60cb80489,Inteligência Artificial para Devs - Aula 20,Conteúdo da aula 20 sobre inteligência artificial para devs.,11111111-1111-1111-1111-111111111017,https://materiais.schoolofrock.com/11111111-1111-1111-1111-111111111017/aula-20.pdf
7d08584d-f415-4b8f-be8d-4d0111749129,Machine Learning com ML.NET - Aula 1,Conteúdo da aula 1 sobre machine learning com ml.net.,11111111-1111-1111-1111-111111111018,https://materiais.schoolofrock.com/11111111-1111-1111-1111-111111111018/aula-1.pdf
cba879bb-7ce8-446b-9a58-5237ef5de9b8,Machine Learning com ML.NET - Aula 2,Conteúdo da aula 2 sobre machine learning com ml.net.,11111111-1111-1111-1111-111111111018,https://materiais.schoolofrock.com/11111111-1111-1111-1111-111111111018/aula-2.pdf
597f1331-84bc-49e4-be43-1bdf27bf632f,Machine Learning com ML.NET - Aula 3,Conteúdo da aula 3 sobre machine learning com ml.net.,11111111-1111-1111-1111-111111111018,
250eaa67-c4a2-45bd-a951-fa750bdc139c,Machine Learning com ML.NET - Aula 4,Conteúdo da aula 4 sobre machine learning com ml.net.,11111111-1111-1111-1111-111111111018,https://materiais.schoolofrock.com/11111111-1111-1111-1111-111111111018/aula-4.pdf
00f2cb1c-3dc4-4098-87c4-5c1934c82d47,Machine Learning com ML.NET - Aula 5,Conteúdo da aula 5 sobre machine learning com ml.net.,11111111-1111-1111-1111-111111111018,https://materiais.schoolofrock.com/11111111-1111-1111-1111-111111111018/aula-5.pdf
368884dd-f33c-4bc5-ae3b-a98c967b5319,Machine Learning com ML.NET - Aula 6,Conteúdo da aula 6 sobre machine learning com ml.net.,11111111-1111-1111-1111-111111111018,https://materiais.schoolofrock.com/11111111-1111-1111-1111-111111111018/aula-6.pdf
24626360-9394-4987-a113-2c955736834d,Machine Learning com ML.NET - Aula 7,Conteúdo da aula 7 sobre machine learning com ml.net.,11111111-1111-1111-1111-111111111018,https://materiais.schoolofrock.com/11111111-1111-1111-1111-111111111018/aula-7.pdf
8dda052e-7e8f-4588-a64f-191cf96f2d8a,Machine Learning com ML.NET - Aula 8,Conteúdo da aula 8 sobre machine learning com ml.net.,11111111-1111-1111-1111-111111111018,
722418a9-18c5-4026-ba58-ff5b245e3df1,Machine Learning com ML.NET - Aula 9,Conteúdo da aula 9 sobre machine learning com ml.net.,11111111-1111-1111-1111-111111111018,https://materiais.schoolofrock.com/11111111-1111-1111-1111-111111111018/aula-9.pdf
8f7a41f5-3ab5-4eaa-8c13-bced255e3482,Machine Learning com ML.NET - Aula 10,Conteúdo da aula 10 sobre machine learning com ml.net.,11111111-1111-1111-1111-111111111018,
56bece87-9c81-4672-a59a-58328eeef6a2,Machine Learning com ML.NET - Aula 11,Conteúdo da aula 11 sobre machine learning com ml.net.,11111111-1111-1111-1111-111111111018,https://materiais.schoolofrock.com/11111111-1111-1111-1111-111111111018/aula-11.pdf
33f08f0d-f025-46f4-b88b-1864c9c48d78,Machine Learning com ML.NET - Aula 12,Conteúdo da aula 12 sobre machine learning com ml.net.,11111111-1111-1111-1111-111111111018,
1a046d77-d7cf-497d-a98e-32cc674cb5b6,Machine Learning com ML.NET - Aula 13,Conteúdo da aula 13 sobre machine learning com ml.net.,11111111-1111-1111-1111-111111111018,https://materiais.schoolofrock.com/11111111-1111-1111-1111-111111111018/aula-13.pdf
292e48d9-1d2e-4eef-a819-8ff575e6abe9,Machine Learning com ML.NET - Aula 14,Conteúdo da aula 14 sobre machine learning com ml.net.,11111111-1111-1111-1111-111111111018,https://materiais.schoolofrock.com/11111111-1111-1111-1111-111111111018/aula-14.pdf
25fabf81-1acc-4fae-8e4f-b92077c5728c,Machine Learning com ML.NET - Aula 15,Conteúdo da aula 15 sobre machine learning com ml.net.,11111111-1111-1111-1111-111111111018,https://materiais.schoolofrock.com/11111111-1111-1111-1111-111111111018/aula-15.pdf
63e7c59a-e407-4e10-899d-07dbb6ce2c88,Machine Learning com ML.NET - Aula 16,Conteúdo da aula 16 sobre machine learning com ml.net.,11111111-1111-1111-1111-111111111018,
655f1866-6d5f-4ce5-81fc-6efefbe9c9c3,Machine Learning com ML.NET - Aula 17,Conteúdo da aula 17 sobre machine learning com ml.net.,11111111-1111-1111-1111-111111111018,https://materiais.schoolofrock.com/11111111-1111-1111-1111-111111111018/aula-17.pdf
900647be-76bd-4ed0-a00e-bada8ee58eb4,Machine Learning com ML.NET - Aula 18,Conteúdo da aula 18 sobre machine learning com ml.net.,11111111-1111-1111-1111-111111111018,https://materiais.schoolofrock.com/11111111-1111-1111-1111-111111111018/aula-18.pdf
813ed4a1-0170-4947-9901-3e4919585c01,Machine Learning com ML.NET - Aula 19,Conteúdo da aula 19 sobre machine learning com ml.net.,11111111-1111-1111-1111-111111111018,https://materiais.schoolofrock.com/11111111-1111-1111-1111-111111111018/aula-19.pdf
c07e4280-c87e-4a19-831a-dee79043b57d,Machine Learning com ML.NET - Aula 20,Conteúdo da aula 20 sobre machine learning com ml.net.,11111111-1111-1111-1111-111111111018,https://materiais.schoolofrock.com/11111111-1111-1111-1111-111111111018/aula-20.pdf
6efbf2e2-598f-475c-b875-1b9a44ea054a,React com .NET Core - Aula 1,Conteúdo da aula 1 sobre react com .net core.,11111111-1111-1111-1111-111111111019,
636d072d-722e-4531-b08d-20c23e5e4cf7,React com .NET Core - Aula 2,Conteúdo da aula 2 sobre react com .net core.,11111111-1111-1111-1111-111111111019,https://materiais.schoolofrock.com/11111111-1111-1111-1111-111111111019/aula-2.pdf
450531a3-0fee-467f-9531-cd9944de3ad8,React com .NET Core - Aula 3,Conteúdo da aula 3 sobre react com .net core.,11111111-1111-1111-1111-111111111019,https://materiais.schoolofrock.com/11111111-1111-1111-1111-111111111019/aula-3.pdf
e1deb784-702b-4c24-aa71-e410bb84673f,React com .NET Core - Aula 4,Conteúdo da aula 4 sobre react com .net core.,11111111-1111-1111-1111-111111111019,https://materiais.schoolofrock.com/11111111-1111-1111-1111-111111111019/aula-4.pdf
4fd07f65-6615-42da-bc0b-0a299e907363,React com .NET Core - Aula 5,Conteúdo da aula 5 sobre react com .net core.,11111111-1111-1111-1111-111111111019,https://materiais.schoolofrock.com/11111111-1111-1111-1111-111111111019/aula-5.pdf
52096d48-15bb-40ca-9729-1a60efc780c8,React com .NET Core - Aula 6,Conteúdo da aula 6 sobre react com .net core.,11111111-1111-1111-1111-111111111019,https://materiais.schoolofrock.com/11111111-1111-1111-1111-111111111019/aula-6.pdf
d263cda2-5b64-4559-b959-9a59353001b6,React com .NET Core - Aula 7,Conteúdo da aula 7 sobre react com .net core.,11111111-1111-1111-1111-111111111019,https://materiais.schoolofrock.com/11111111-1111-1111-1111-111111111019/aula-7.pdf
1c87b340-8288-424d-870c-a1222340e562,React com .NET Core - Aula 8,Conteúdo da aula 8 sobre react com .net core.,11111111-1111-1111-1111-111111111019,https://materiais.schoolofrock.com/11111111-1111-1111-1111-111111111019/aula-8.pdf
aca3da3e-9573-41e5-b8b3-3bed6aa04037,React com .NET Core - Aula 9,Conteúdo da aula 9 sobre react com .net core.,11111111-1111-1111-1111-111111111019,https://materiais.schoolofrock.com/11111111-1111-1111-1111-111111111019/aula-9.pdf
6e4d3187-2dda-47ab-a8fd-d1d7ebc5b0a6,React com .NET Core - Aula 10,Conteúdo da aula 10 sobre react com .net core.,11111111-1111-1111-1111-111111111019,
2a50ae33-0101-4f1d-bfc3-2a752cb7fc83,React com .NET Core - Aula 11,Conteúdo da aula 11 sobre react com .net core.,11111111-1111-1111-1111-111111111019,https://materiais.schoolofrock.com/11111111-1111-1111-1111-111111111019/aula-11.pdf
3f998c82-e753-4002-9497-3537dfeb9ee4,React com .NET Core - Aula 12,Conteúdo da aula 12 sobre react com .net core.,11111111-1111-1111-1111-111111111019,https://materiais.schoolofrock.com/11111111-1111-1111-1111-111111111019/aula-12.pdf
e3d1d122-1c6c-4647-9d39-995f2e2e11d9,React com .NET Core - Aula 13,Conteúdo da aula 13 sobre react com .net core.,11111111-1111-1111-1111-111111111019,
1fae6b58-0bed-4a6d-9b4b-2db22370b2bb,React com .NET Core - Aula 14,Conteúdo da aula 14 sobre react com .net core.,11111111-1111-1111-1111-111111111019,https://materiais.schoolofrock.com/11111111-1111-1111-1111-111111111019/aula-14.pdf
10158ed6-1544-4b65-887d-29d6a3ffe43a,React com .NET Core - Aula 15,Conteúdo da aula 15 sobre react com .net core.,11111111-1111-1111-1111-111111111019,https://materiais.schoolofrock.com/11111111-1111-1111-1111-111111111019/aula-15.pdf
111409cc-5d3b-4fc6-b0cd-a79faf236b50,React com .NET Core - Aula 16,Conteúdo da aula 16 sobre react com .net core.,11111111-1111-1111-1111-111111111019,https://materiais.schoolofrock.com/11111111-1111-1111-1111-111111111019/aula-16.pdf
447175dd-1d52-4c0b-bd1d-68b7ffc9fd66,React com .NET Core - Aula 17,Conteúdo da aula 17 sobre react com .net core.,11111111-1111-1111-1111-111111111019,https://materiais.schoolofrock.com/11111111-1111-1111-1111-111111111019/aula-17.pdf
7fabba1a-311b-44e7-80b3-6df346ab2bc9,React com .NET Core - Aula 18,Conteúdo da aula 18 sobre react com .net core.,11111111-1111-1111-1111-111111111019,https://materiais.schoolofrock.com/11111111-1111-1111-1111-111111111019/aula-18.pdf
4da0e21b-fb98-4cb0-bb64-1289ef1c2bb8,React com .NET Core - Aula 19,Conteúdo da aula 19 sobre react com .net core.,11111111-1111-1111-1111-111111111019,https://materiais.schoolofrock.com/11111111-1111-1111-1111-111111111019/aula-19.pdf
ec6aad98-efe2-4030-8b6d-8be059c9e64e,React com .NET Core - Aula 20,Conteúdo da aula 20 sobre react com .net core.,11111111-1111-1111-1111-111111111019,https://materiais.schoolofrock.com/11111111-1111-1111-1111-111111111019/aula-20.pdf
4d17b238-5bca-4daa-9dde-ddb714838547,Microserviços com ASP.NET - Aula 1,Conteúdo da aula 1 sobre microserviços com asp.net.,11111111-1111-1111-1111-111111111020,https://materiais.schoolofrock.com/11111111-1111-1111-1111-111111111020/aula-1.pdf
40c7dd16-5f66-4635-bb70-042f22283e7f,Microserviços com ASP.NET - Aula 2,Conteúdo da aula 2 sobre microserviços com asp.net.,11111111-1111-1111-1111-111111111020,https://materiais.schoolofrock.com/11111111-1111-1111-1111-111111111020/aula-2.pdf
87d4928c-6dec-44a4-b238-cef3c9da74b0,Microserviços com ASP.NET - Aula 3,Conteúdo da aula 3 sobre microserviços com asp.net.,11111111-1111-1111-1111-111111111020,https://materiais.schoolofrock.com/11111111-1111-1111-1111-111111111020/aula-3.pdf
8cc8098f-9f95-4af4-b8f5-5168ae2936e2,Microserviços com ASP.NET - Aula 4,Conteúdo da aula 4 sobre microserviços com asp.net.,11111111-1111-1111-1111-111111111020,https://materiais.schoolofrock.com/11111111-1111-1111-1111-111111111020/aula-4.pdf
d8c6ace7-c281-4bcf-b046-4696e944fef7,Microserviços com ASP.NET - Aula 5,Conteúdo da aula 5 sobre microserviços com asp.net.,11111111-1111-1111-1111-111111111020,https://materiais.schoolofrock.com/11111111-1111-1111-1111-111111111020/aula-5.pdf
04f56801-9bb2-4507-abbd-351d26ddcfb9,Microserviços com ASP.NET - Aula 6,Conteúdo da aula 6 sobre microserviços com asp.net.,11111111-1111-1111-1111-111111111020,https://materiais.schoolofrock.com/11111111-1111-1111-1111-111111111020/aula-6.pdf
4590ce1b-7bf4-4532-aa02-bb9f1fdd5a0d,Microserviços com ASP.NET - Aula 7,Conteúdo da aula 7 sobre microserviços com asp.net.,11111111-1111-1111-1111-111111111020,
d3563bb0-a2c7-49a6-a021-465ccb8caf5a,Microserviços com ASP.NET - Aula 8,Conteúdo da aula 8 sobre microserviços com asp.net.,11111111-1111-1111-1111-111111111020,https://materiais.schoolofrock.com/11111111-1111-1111-1111-111111111020/aula-8.pdf
512b72f1-da20-4e7b-983c-82f80b5f034a,Microserviços com ASP.NET - Aula 9,Conteúdo da aula 9 sobre microserviços com asp.net.,11111111-1111-1111-1111-111111111020,https://materiais.schoolofrock.com/11111111-1111-1111-1111-111111111020/aula-9.pdf
4845b21a-3471-43aa-9e41-21145688b626,Microserviços com ASP.NET - Aula 10,Conteúdo da aula 10 sobre microserviços com asp.net.,11111111-1111-1111-1111-111111111020,
d92ff4c5-8d11-4c07-9a91-840bb395c3f6,Microserviços com ASP.NET - Aula 11,Conteúdo da aula 11 sobre microserviços com asp.net.,11111111-1111-1111-1111-111111111020,https://materiais.schoolofrock.com/11111111-1111-1111-1111-111111111020/aula-11.pdf
d30f08ba-732c-4fbd-8e72-8a2f26aad7ad,Microserviços com ASP.NET - Aula 12,Conteúdo da aula 12 sobre microserviços com asp.net.,11111111-1111-1111-1111-111111111020,https://materiais.schoolofrock.com/11111111-1111-1111-1111-111111111020/aula-12.pdf
dccb7d37-9446-4759-8a6f-aece10525925,Microserviços com ASP.NET - Aula 13,Conteúdo da aula 13 sobre microserviços com asp.net.,11111111-1111-1111-1111-111111111020,
a94536db-36f4-47d6-a163-b555ff703ab6,Microserviços com ASP.NET - Aula 14,Conteúdo da aula 14 sobre microserviços com asp.net.,11111111-1111-1111-1111-111111111020,https://materiais.schoolofrock.com/11111111-1111-1111-1111-111111111020/aula-14.pdf
d101d017-9193-4072-b00a-e3e3ea6296d7,Microserviços com ASP.NET - Aula 15,Conteúdo da aula 15 sobre microserviços com asp.net.,11111111-1111-1111-1111-111111111020,https://materiais.schoolofrock.com/11111111-1111-1111-1111-111111111020/aula-15.pdf
22fa4e36-bf48-44bc-8e9b-670c102b5837,Microserviços com ASP.NET - Aula 16,Conteúdo da aula 16 sobre microserviços com asp.net.,11111111-1111-1111-1111-111111111020,https://materiais.schoolofrock.com/11111111-1111-1111-1111-111111111020/aula-16.pdf
4253d3c0-ffdf-419c-bf5d-db05d8d8f7c1,Microserviços com ASP.NET - Aula 17,Conteúdo da aula 17 sobre microserviços com asp.net.,11111111-1111-1111-1111-111111111020,https://materiais.schoolofrock.com/11111111-1111-1111-1111-111111111020/aula-17.pdf
a3df94f1-15af-409d-ace0-9f4adfcda88f,Microserviços com ASP.NET - Aula 18,Conteúdo da aula 18 sobre microserviços com asp.net.,11111111-1111-1111-1111-111111111020,
0b765fb0-3ae3-4524-9e5c-133dd9c27d8d,Microserviços com ASP.NET - Aula 19,Conteúdo da aula 19 sobre microserviços com asp.net.,11111111-1111-1111-1111-111111111020,https://materiais.schoolofrock.com/11111111-1111-1111-1111-111111111020/aula-19.pdf
387bf9e8-139b-4999-a136-7e1f22c7fe88,Microserviços com ASP.NET - Aula 20,Conteúdo da aula 20 sobre microserviços com asp.net.,11111111-1111-1111-1111-111111111020,https://materiais.schoolofrock.com/11111111-1111-1111-1111-111111111020/aula-20.pdf
